username;date;retweets;favorites;text;geo;mentions;hashtags;id;permalink
futami2310;2018-09-26 15:36;0;0;"ç·‘å·ãã‚“çš„ã«è¨€ã£ãŸã‚‰ ã€Œé ­éš ã—ã¦å°»éš ã•ãšã€ ã£ã¦ã“ã†ã„ã†ã“ã¨ã§ã™ãªã€œâ€¦æ¯å­ãŒæœã‹ã‚‰ä¸€ç”Ÿæ‡¸å‘½ç©´æ˜ã‚Šã—ã¦ã‚‹ã‹ã‚‰é›¨é™ã‚Šã ã‘ã©ç§ã‚‚ãŒã‚“ã°ã‚ã€œ pic.twitter.com/jBryZhG3Zl";;;;"1045079586306813952";https://twitter.com/futami2310/status/1045079586306813952
benwrightsbooks;2018-09-26 15:36;0;0;"https://twitter.com/FraserNelson/status/1045038966242717696 â€¦";London, England;;;"1045079584629239808";https://twitter.com/benwrightsbooks/status/1045079584629239808
malananani;2018-09-26 15:36;0;0;"definitelyyyyyyy";ivesghanistan;;;"1045079584310546432";https://twitter.com/malananani/status/1045079584310546432
mt3500vvvf;2018-09-26 15:36;0;0;"æ™¯è‰²ãŒç¶ºéº—ã§ã™ã­";èˆ¹æ©‹ æ±Ÿæˆ¸å·åŒº æ–°å®¿;;;"1045079583802908672";https://twitter.com/mt3500vvvf/status/1045079583802908672
kayplays1;2018-09-26 15:36;0;0;"Haha Iâ€™ll get there! And as soon as I get chance Iâ€™m gonna put some time into watching thise videos and figuring more stuff out";;;;"1045079580342652928";https://twitter.com/kayplays1/status/1045079580342652928
plus_crab;2018-09-26 15:36;0;0;"ãŠã¯ãŠã¯ï¼ å¸é‡ˆå¤©ã€ç„¡äº‹é‹æ¥µã«ãªã‚Šã¾ã—ãŸ ã‚¯ãƒ¼ãƒ•ãƒ¼ãƒªãƒ³ãŒä½¿ã„ãŸãã¦ã‚„ã£ã¦ã¾ã—ãŸã‚ ã¨ã“ã‚ã§å¸é‡ˆå¤©ã©ã“ã§ä½¿ãŠã†ã‹() pic.twitter.com/k8YQkDApDd";ãƒã‚³ãƒˆã•ã‚“ã®éš£;;;"1045079579012919296";https://twitter.com/plus_crab/status/1045079579012919296
asim10s;2018-09-26 15:36;0;0;"Ù„Ù† Ø§Ø±Ø¯ Ø¹Ù„Ù‰ Ø³ÙØ§Ø³Ù Ø§Ù„Ø£Ù…ÙˆØ±";Ø·ÙŠØ¨Ø© Ù„ÙŠØ³ ÙŠÙˆØ¬Ø¯ Ù…Ø«Ù„Ù‡Ø§;;;"1045079575053684737";https://twitter.com/asim10s/status/1045079575053684737
chxrylgbt;2018-09-26 15:36;0;0;"";southside serpent;;;"1045079574646837248";https://twitter.com/chxrylgbt/status/1045079574646837248
anna_yakumo;2018-09-26 15:36;0;0;"ãŠã¯ã‚ˆã†ã”ã–ã„ã¾ã™ã€œ";æ±äº¬ æ–°å®¿åŒº;;;"1045079572100730881";https://twitter.com/anna_yakumo/status/1045079572100730881
hisukeee89;2018-09-26 15:36;0;0;"æ–°æ½Ÿã£ã¦ â€¦ ãã‚‹ãã‚‹è©æ¬ºãŒå¤šãã£ã¦ æ°—ä»˜ãã¨æ¸©å¸¯ä½æ°—åœ§ã«å¤‰ã‚ã£ãŸã‚Š ã©ã£ã‹è¡Œã£ã¡ã‚ƒã£ã¦ã‚‹ã‚“ã ã‚ˆã­ ï½ ä½•åº¦ã€æœŸå¾…ã‚’è£åˆ‡ã‚‰ã‚ŒãŸã‹ ï¼ˆç¬‘ï¼‰ ä»Šå›ã‚‚ãã®æ–¹å‘ã§ãŠé¡˜ã„ã—ã¾ã™ ï¼";;;;"1045079570855079936";https://twitter.com/hisukeee89/status/1045079570855079936
riiiiito____;2018-09-26 15:36;0;0;"ãŠä»•äº‹ã‚‚ç ”ä¿®ã‚‚è¡ŒããŸããªã„ ãŠã¯ã‚ˆ";DMå…¬é–‹ä¸­Â ğŸ’‹éµå¢ã•ã‚“ã¨18ä»¥ä¸‹ã¯æ°—ã¾ãã‚Œè¿”ä¿¡Â ğŸ’‹;;;"1045079570582396928";https://twitter.com/riiiiito____/status/1045079570582396928
sea_snowmen;2018-09-26 15:36;0;0;"@ exo_gg0803 ã³ã‚‡ã‚“ã­ã­ã¡ã‚ƒã‚“ï¼ã‚¤ãƒ³ã‚¹ã‚¿ã ã‘ç¹‹ãŒã£ã¦ãŸã‚“ã ã‘ã©ãƒ•ã‚©ãƒ­ãƒ¼ã•ã›ã¦ã‚‚ã‚‰ã£ãŸ";âš ï¸ã‚®ãƒ§ãƒ³ã‚¹ã«å°»ã«æ•·ã‹ã‚Œã‚‹ã“ã¨ã‚’å¤¢è¦‹ã‚‹å¥³;@;;"1045079570527875072";https://twitter.com/sea_snowmen/status/1045079570527875072
chocolate_sgg;2018-09-26 15:36;0;0;"å°è°·é‡å¼•é€€ã‹â€¦";N43;;;"1045079567696715776";https://twitter.com/chocolate_sgg/status/1045079567696715776
zoe_down;2018-09-26 15:36;0;0;"https://twitter.com/fitspirationai/status/1045063018562953216 â€¦";Doncaster, England, UK;;;"1045079567042596865";https://twitter.com/zoe_down/status/1045079567042596865
jittiwawongphet;2018-09-26 15:35;0;1;"à¹€à¸«à¸¡à¸·à¸­à¸™à¸ˆà¸°à¸«à¸´à¸§à¸šà¸²à¸ªà¸ˆà¸°à¸à¸´à¸™à¹„à¸¡à¸„à¹Œà¸¡à¹ˆà¸²à¸¢à¹„à¸”à¹‰à¸™à¹Šà¸² @ basjtr # à¸šà¸²à¸ªà¹€à¸”à¹‡à¸à¸­à¹‰à¸§à¸™à¸—à¸µà¹ˆà¹à¸—à¹‰à¸ˆà¸£à¸´à¸‡ # à¸„à¸£à¸­à¸šà¸„à¸£à¸±à¸§à¸‚à¸­à¸‡à¸šà¸²à¸ª # à¸šà¸²à¸ªà¸¡à¸µà¸„à¸™à¹€à¸”à¸µà¸¢à¸§ # NING2PB # TasteOfBavaria2018pic.twitter.com/hHUgka0VIf";à¹‚à¸¥à¸à¸—à¸µà¹ˆà¸¡à¸µà¹à¸•à¹ˆà¸šà¸²à¸ªÂ ğŸ€;@;# # # # #;"1045079566342021120";https://twitter.com/jittiwawongphet/status/1045079566342021120
kei_i0513;2018-09-26 15:35;0;0;"@ hayashibe3104 æ—éƒ¨ã•ã‚“ã€é¹¿å…å³¶ã¸ã‚ˆã†ã“ãã§ã—ãŸ(*Â´Ë˜`*)â™¡æœ¬å½“ã«æ¯æ—¥ãŠå¿™ã—ã„ä¸­ã€é¹¿å…å³¶ã§ã®ãƒ†ãƒ¬ãƒ“å‡ºæ¼”ã€ã‚ã‚ŠãŒã¨ã†ã²ã¨æ™‚ã§ã‚‚ã€åŒã˜é¹¿å…å³¶ã«ã„ã‚‹ã¨ã„ã†ã ã‘ã§ã€ä»•äº‹ä¸­ã‚‚ãƒ‰ã‚­ãƒ‰ã‚­ã—ãŸ1æ—¥ã§ã—ãŸæ¬¡ã¯ã€å™æƒ…æ­Œã‚³ãƒ³ã‚µãƒ¼ãƒˆã§ã€ãŠå¾…ã¡ã—ã¦ã„ã¾ã™â™¬â™¡";;@;;"1045079564106391554";https://twitter.com/kei_i0513/status/1045079564106391554
miss_merry_mack;2018-09-26 15:35;0;0;"Well, you know Iâ€™ve always been a sweet person. Until Iâ€™m not.";Between villes;;;"1045079561959084033";https://twitter.com/miss_merry_mack/status/1045079561959084033
Mafary;2018-09-26 15:35;0;0;"Me too tambiÃ©n";Caracas;;;"1045079560604266497";https://twitter.com/Mafary/status/1045079560604266497
cuxcm807;2018-09-26 15:35;0;0;"ãŠã¯ã‚ˆã†ã”ã–ã„ã¾ã™ ä»Šæœã¯å¯’ã•ã§ç›®ã‚’è¦šã¾ã—ã¾ã—ãŸ å­£ç¯€ã®å¤‰ã‚ã‚Šç›®ã§ã™ ä½“èª¿ã«ã¯ãŠæ°—ã‚’ã¤ã‘ä¸‹ã•ã„ ã§ã¯çš†ã•ã‚“è‰¯ã„ï¼‘æ—¥ã‚’";å¤§é˜ª å¤§é˜ªå¸‚;;;"1045079560075628544";https://twitter.com/cuxcm807/status/1045079560075628544
emitapi06;2018-09-26 15:35;0;0;"ãŠã¯ã‚ˆã†ã”ã–ã„ã¾ã™ä»Šæ—¥ã¯é…åˆ»ã—ãŸã‚‰ã„ã‘ãªã„ã§ã™ã‚ˆ";ç¬¬72å›ã‚¿ãƒŸã‚¹ãƒBã‚¯ãƒ©ã‚¹å„ªå‹Â ğŸ‰;;;"1045079557215141888";https://twitter.com/emitapi06/status/1045079557215141888
beautybakerie;2018-09-26 15:35;0;1;"thanks for sharing LaTanya! Take notes sweeties https://twitter.com/tanyakodom/status/1045066391995469824 â€¦";San Diego, CA;;;"1045079555071856640";https://twitter.com/beautybakerie/status/1045079555071856640
rethiri_1234;2018-09-26 15:35;0;0;"ã¶ã‚Šã‚Šã‚“ï¼ï¼ãŠã¯ã‚ˆï¼ï¼ ä¹…ã—ã¶ã‚Šã‚„ã‚“";ã‚Œã¡ãƒªã‚¹ãƒŠãƒ¼Â â£ï¸;;;"1045079554954416128";https://twitter.com/rethiri_1234/status/1045079554954416128
kiki23TANEBI;2018-09-26 15:35;0;0;"ã¾ã‚†ã¿ã¡ã‚ƒã‚“ ãŠã¯ã‚ˆãƒ¼ ã„ã¤ã‚‚ã‚ã‚ŠãŒã¨ã† ã•ã‚€ãã¦ å¸ƒå›£ã‹ã‚‰ã§ãŸããªã„ã‚ˆã­ ä»Šæ—¥ã‚‚ã‚ˆã‚ã—ãã­";æ±äº¬ ã€æ­¦è”µé‡å¸‚;;;"1045079552861515776";https://twitter.com/kiki23TANEBI/status/1045079552861515776
tommy0q0;2018-09-26 15:35;0;0;"ã‚²ãƒ¼ã‚»ãƒ³ã‚‚ã‚ã‚‹ã—ã€ãã‚‹ã£ã¨ä¸€å‘¨ã™ã‚‹ã¨è¦‹ã¤ã‹ã‚‹ã‚“ã˜ã‚ƒãªã„ã‹ãªï¼Ÿã£ã¦ãã‚‰ã„ãŸãã•ã‚“ã‚ã‚‹ã®ã§ãŠæ•£æ­©ãŒã¦ã‚‰ä¸‹è¦‹ã«è¡Œã£ã¦ã¿ã¦ãã ã•ã„(oÂ´ç½’`o) ã‚¨ã‚¸ãƒ—ãƒˆç¥ã‚«ãƒ¯ã‚¤ã‚¤ã§ã™ã­ï½ç„¡äº‹ã«ã‚²ãƒˆå‡ºæ¥ã¾ã™ã‚ˆã†ã«â™ª";æ±äº¬ã®å¸‚æ°‘;;;"1045079551523450880";https://twitter.com/tommy0q0/status/1045079551523450880
5jCwOFp0MEDJ9XJ;2018-09-26 15:35;0;0;"Ù„Ø¢ Ù†ÙˆÙŠØª Ø¢Ù„Ù…Ø­Ø¨Ù‡Ù“ Ø­Ø¨ Ù…Ù† Ù‡Ùˆ - Ø®Ø¬ÙˆÙÙ„ - ÙŠØ³ØªØ­ÙŠ Ù„Ø§ Ø­ÙƒØ§ ÙˆØ¥Ù† Ø­ÙƒÙŠØª Ø§Ø³ØªØ­Ù‰ !";Oman;;;"1045079550357635072";https://twitter.com/5jCwOFp0MEDJ9XJ/status/1045079550357635072
hannah_norton96;2018-09-26 15:35;0;0;"i will";Brighton Â ğŸŒ·;;;"1045079549392891905";https://twitter.com/hannah_norton96/status/1045079549392891905
ja_usagi;2018-09-26 15:35;0;0;"ã†ãã¡ã‚ƒã‚“ã¯ã‚ã¨è¢«ã£ã¦èª¿æ•´ã™ã‚‹ã ã‘ï½ä»Šæ—¥å¸°ã£ãŸã‚‰ã‚„ã‚ŠãŸã„";æ±æµ·åœ°æ–¹;;;"1045079549308952576";https://twitter.com/ja_usagi/status/1045079549308952576
oO0pii0Oo;2018-09-26 15:35;0;0;"ãŠã¯ã‚ˆã†ã”ã–ã„ã¾ã™ ãŠä»•äº‹é ‘å¼µã£ã¦ãã ã•ã„";;;;"1045079549250170880";https://twitter.com/oO0pii0Oo/status/1045079549250170880
kookiebiscuits_;2018-09-26 15:35;0;0;"Obg amr";KpobrelÃ¢ndia Sempre;;;"1045079549120315392";https://twitter.com/kookiebiscuits_/status/1045079549120315392
uwukayla;2018-09-26 15:35;0;0;"when iâ€™m kissing you my senses come alive";CA;;;"1045079546125418496";https://twitter.com/uwukayla/status/1045079546125418496
chiroru_works;2018-09-26 15:35;0;0;"ã¾ãŸæ’®å½±ã•ã›ã¦ãã ã•ã„ã­";AICHI JAPAN;;;"1045079541922680834";https://twitter.com/chiroru_works/status/1045079541922680834
ko__ta__qb333;2018-09-26 15:35;0;0;"ãŠã¯ã‚ˆã†ã”ã–ã„ã¾ã™ ãã†ã§ã™ã­ã€ã‚ã‚ŠãŒã¨ã†ã”ã–ã„ã¾ã™ Rokokuã•ã‚“å„ªã—ã„ã§ã™ã­â€¦";å¹¸ã›ã«ãªã‚ŠãŸã„;;;"1045079540295380993";https://twitter.com/ko__ta__qb333/status/1045079540295380993
Y0shimuneL2R127;2018-09-26 15:35;0;0;"ç‰¡è £ï¼ŸåŒ‚ã„ã ã‘ã§åãã‚ˆï¼Ÿ";æ±äº¬;;;"1045079537401425920";https://twitter.com/Y0shimuneL2R127/status/1045079537401425920
SIBA_J;2018-09-26 15:35;0;0;"ã‚ã‚ŠãŒã¨ã†ã”ã–ã„ã¾ã™ åˆé›‘èªŒãƒ‡ãƒ“ãƒ¥ãƒ¼ã§ã”ã–ã„ã¾ã—ãŸ";;;;"1045079532116406272";https://twitter.com/SIBA_J/status/1045079532116406272
rana_majed44;2018-09-26 15:35;0;0;"Ø¨Ø±ÙƒØ§ØªÙƒ ÙŠ Ø¨Ø§Ø´Ø§";Ù…ÙƒØ© Ø§Ù„Ù…ÙƒØ±Ù…Ø©;;;"1045079531101605891";https://twitter.com/rana_majed44/status/1045079531101605891
bboo99007;2018-09-26 15:35;0;0;"Ø§Ù„Ø´ÙƒØ± Ù„Ù„Ù‡ Ø§ÙˆÙ„ Ø´ÙŠ ÙˆØ«Ø§Ù†ÙŠ Ø´Ù‰ Ù„Ø¹Ø§Ù„Ù… ØªÙˆÙŠØªØ± Ø§Ù„ÙŠ Ø¹Ø±ÙÙ†Ø§ Ø¹Ù„Ù‰ Ø§Ù‡Ù„ Ø§Ù„Ø·ÙŠØ¨";;;;"1045079530413707264";https://twitter.com/bboo99007/status/1045079530413707264
mami_____0720;2018-09-26 15:35;0;0;"ã€ @ ALIMA2_hiro ã€‘ ã‚ã‚Šã¾ã¤ãã‚“ãŠã¯ã‚ˆã†ã”ã–ã„ã¾ã™â— ä»Šæ—¥ã¯æœã‹ã‚‰è‘—ä½œæ¨©ã«ã¤ã„ã¦è€ƒãˆã¾ã¤ å­¦åœ’ç¥­ã®æ™‚ã«ã‚¯ãƒ©ã‚¹ã§æ›²æµã™ã‚“ã ã‘ã©å…ˆç”Ÿã«è‘—ä½œæ¨©ãŒãªã‚“ã¡ã‚ƒã‚‰ã£ã¦è¨€ã‚ã‚ŒãŸã‚“ã§ã™ ã‚ã‚Šã°ã‚€ï¼ã£ã¦æ€ã£ãŸã‚‰è¨±å¯ãŒãªã„ã¨ãƒ€ãƒ¡ã ã£ã¦è¨€ã‚ã‚Œã¦ ã£ã¦ã“ã¨ã§ã‚ã‚Šã¾ã¤ãã‚“è¨±å¯ãã ã•ã„(ç„¡ç†)";ã‚ã„ã“ã‚“ã¿ãÂ ğŸ‘‰ğŸ»Â ğŸ‘‰ğŸ»;@;;"1045079528756805633";https://twitter.com/mami_____0720/status/1045079528756805633
eringi_iroiro;2018-09-26 15:35;0;0;"ãŠãŠ!!ã»ã¼åŒã˜ å¤©æ°—ã‚‚å¿ƒé…ã ã—ã€ãã‚ãã‚ã“ã®åœ°åŸŸã‚‚å¤§ããªç½å®³ãŒèµ·ããã†ã ã‹ã‚‰æœ¬å½“ã«å¿ƒé… ç„¡äº‹ã«ã§ãã‚‹ã¨ã„ã„ã­ï¼ï¼œ";;;;"1045079526848356352";https://twitter.com/eringi_iroiro/status/1045079526848356352
toshikotolipps;2018-09-26 15:35;0;0;"å¤§åˆ†ã®ç«¯ã£ã“ã§ã™ ã‚ã‚ŠãŒã¨ã†ã”ã–ã„ã¾ã™";;;;"1045079526256984064";https://twitter.com/toshikotolipps/status/1045079526256984064
sanehousewife;2018-09-26 15:35;0;0;"Thatâ€™s my girl";West Palm Beach;;;"1045079525175054342";https://twitter.com/sanehousewife/status/1045079525175054342
3012nogi;2018-09-26 15:35;0;0;"ã‚ã¨2æ—¥ã§ä¼šãˆã‚‹ã­ï½ ã—ãˆã¿ã¡ã‚„ã‚“ã¯ã»ã‚“ã¨ã«ã‹ã‚ã„ã„ã­ pic.twitter.com/Bocq92nf5W";;;;"1045079524545720320";https://twitter.com/3012nogi/status/1045079524545720320
O__baby_ryo;2018-09-26 15:35;0;0;"ãªã‚‹ã»ã©ï¼ã ã‹ã‚‰æ­¯ãŒé»„è‰²ã„ã®ã­";;;;"1045079523354525696";https://twitter.com/O__baby_ryo/status/1045079523354525696
AugustoMalheiro;2018-09-26 15:35;0;1;"Obrigado";;;;"1045079522268368897";https://twitter.com/AugustoMalheiro/status/1045079522268368897
masa10193;2018-09-26 15:35;0;0;"ãŠã¯ã‚ˆã†ã”ã–ã„ã¾ã™ ã“ã¡ã‚‰ã“ãã‚ˆã‚ã—ããŠé¡˜ã„ã—ã¾ã™";æ±äº¬;;;"1045079520909246464";https://twitter.com/masa10193/status/1045079520909246464
usumy419;2018-09-26 15:35;0;0;"ãŸã¤ã‚„å‘¼ã³ã‹ã‚‰ãŸã£ã¡ã‚ƒã‚“å‘¼ã³ã«ãªã£ãŸã æ°—ã‚’ã¤ã‘ã¦ã­ãƒ¼";;;;"1045079520770908160";https://twitter.com/usumy419/status/1045079520770908160
gt_shuda_1230;2018-09-26 15:35;0;1;"ãŠã¯ã‚ˆã†ï½¡ æœã‚¹ã‚¿ã‚¸ã‚ªãªã®ã§ç§»å‹•ä¸­ï½¡ æœ¬æ—¥ï½¤æ–°å®¿RUIDO K4ã«ã¦KazuyaãŸã¡ã§å‡ºæ¼”å®œã—ã";;;;"1045079517516115968";https://twitter.com/gt_shuda_1230/status/1045079517516115968
SnPr_CBrF3;2018-09-26 15:35;0;0;"ï¼“ï¼â†‘ã‚ã‚ŠãŒã¨ã†ã”ã–ã„ã¾ã™";#æš‡å­¦åå¿œ;;;"1045079512977797122";https://twitter.com/SnPr_CBrF3/status/1045079512977797122
Luaninha_Crf;2018-09-26 15:35;0;0;"Hoje Ã© aniversÃ¡rio da minha mamÃ£e";MamÃ£e Da Maria LuizaÂ ğŸ‘‘;;;"1045079512801841153";https://twitter.com/Luaninha_Crf/status/1045079512801841153
luanpcampos;2018-09-26 15:35;0;0;"Dmr, Lara Balde. Cai pra mÃ£o";027;;;"1045079512566943749";https://twitter.com/luanpcampos/status/1045079512566943749
ccsd_pbis;2018-09-26 15:35;0;0;"ALL SMILES! â€” @ ccsd_pbis headed back to Vegas from the @ PBIS_CA Conference. # PBISCA # PBIS # TierI # MTSS # fidelity # 1ForKids @ clarkcountysch @ nevadapbis @ safeschoolsnv @ theAPBS @ EDE4CCSD @ ccsd_trustees @ SuptJaraCCSD @ MalichTammy @ michelleb164 @ KevinMHigleypic.twitter.com/4M5DJAvoT3";Las Vegas, NV;@ @ @ @ @ @ @ @ @ @ @ @;# # # # # #;"1045079511824384002";https://twitter.com/ccsd_pbis/status/1045079511824384002
itssdrea;2018-09-26 15:35;0;0;"no, yo me referÃ­a a que serÃ­a Ãºtil independientemente de si los seguÃ­s o no jajaja, pero gracias";;;;"1045079510729854978";https://twitter.com/itssdrea/status/1045079510729854978
Rm4CttRSahjxziN;2018-09-26 15:35;0;0;"ãƒ–ãƒ­ã‚°æ›´æ–°ã‚ã‚ŠãŒã¨ã†ã”ã–ã„ã¾ã™ æ¨Ÿå¤ªéƒãã‚“ã®èª•ç”Ÿæ—¥ã ã‘ã¯ä½•ã¨ã—ã¦ã§ã‚‚æ™´ã‚Œã«ã—ãŸã„ï¼ã®ã§ã€ç¥ˆã‚Šã¤ã¤ã¦ã‚‹ã¦ã‚‹åŠä¸»ä½œã‚Šã¾ã™ç¬‘ ãƒ©ã‚¸ã‚ªæ¥½ã—ã¿ã§ã™ï¼ï¼ï¼ æ¯é€±ã®æ¥½ã—ã¿ãŒå‡ºæ¥ã¦ãƒ¢ãƒãƒ™ãƒ¼ã‚·ãƒ§ãƒ³ãŒã‚ãŒã‚Šã¾ã™";;;;"1045079510314446849";https://twitter.com/Rm4CttRSahjxziN/status/1045079510314446849
ruuzobz54;2018-09-26 15:35;0;0;"ã“ã¡ã‚‰ã“ããƒ•ã‚©ãƒ­ãƒã‚ã‚ŠãŒã¨ã†ã”ã–ã„ã¾ã—ãŸï¼ï¼ã“ã‚Œã‹ã‚‰ã„ã‚ã„ã‚ãŠè©±ã§ããŸã‚‰å¬‰ã—ã„ã§ã™";æ±åŒ—;;;"1045079510092210176";https://twitter.com/ruuzobz54/status/1045079510092210176
thekmarie;2018-09-26 15:35;0;0;"Thank you very much";Ohio;;;"1045079502513221632";https://twitter.com/thekmarie/status/1045079502513221632
syou6650;2018-09-26 15:35;0;0;"ãŠã¯ã¿ãã—ãƒ¼";å‚å‡º;;;"1045079500571140096";https://twitter.com/syou6650/status/1045079500571140096
loto__taiyokun;2018-09-26 15:35;0;0;"ã‚Šã‚“ ã£ã¦ è¨€ã†ã®ã§å¥½ãã«å‘¼ã‚“ã§ã‚‚ã‚‰ã£ã¦å¤§ä¸ˆå¤«ã§ã™";;;;"1045079500541677568";https://twitter.com/loto__taiyokun/status/1045079500541677568
pre_illust;2018-09-26 15:35;0;1;"ã‚ã‚ŠãŒã¨ã†ã”ã–ã„ã¾ã™â€¦ç§ã‚‚å¥½ãã§ã™â€¦/// ã‚¢ãƒ©ãƒ¼ãƒƒã‹ã‚ã„ã„ã”è³ªå•ã‚ã‚ŠãŒã¨ã†ã”ã–ã„ã¾ã™ï¼ï¼ã†ã¡ã®ã‚¨ãƒ³ã‚¬ãã‚“ã¯å¤šåˆ†ä¸‰ã¤ç·¨ã¿ã¯å‡ºæ¥ãªã„ã‘ã©ãƒãƒ‹ãƒ†ãã‚‰ã„ãªã‚‰å‡ºæ¥ã‚‹ã‹ã¨â€¦ï¼æ˜”ã¯ãƒ’ãƒ„ã‚®ã¡ã‚ƒã‚“ã®é«ªã®æ¯›çµã‚“ã§ã‚ã’ã¦ãŸã¨ã‹ãã‚“ãªå¤¢è¦‹ã¦ã¾ã™â€¦ï¼ # peing # è³ªå•ç®±https://peing.net/ja/qs/86365015";ä¿®ç¾…ã®å›½;;# #;"1045079498520023041";https://twitter.com/pre_illust/status/1045079498520023041
UTSA_MSF;2018-09-26 15:35;0;0;"Still got that old linkedin headshot you took back in 1776??? WELL TAKE OUT YOUR PLANNER AND JOT DOWN OCTOBER 23rd 7:30pm to GET your FREE new and improved HEADSHOT!!! -â€¦ https://www.instagram.com/p/BoNM-2xDY8c/?utm_source=ig_twitter_share&igshid=18j40c3m39pol â€¦";;;;"1045079495869370368";https://twitter.com/UTSA_MSF/status/1045079495869370368
sexygirlGT;2018-09-26 15:35;0;1;"Jajajaa que linda";En todos lados.;;;"1045079495651328000";https://twitter.com/sexygirlGT/status/1045079495651328000
cherrycoke001;2018-09-26 15:35;0;0;"when someone kisses you to politely shut you up >>>";Missouri, USA;;;"1045079495500345350";https://twitter.com/cherrycoke001/status/1045079495500345350
MlleSaana;2018-09-26 15:35;0;0;"Exact, j'y crois et encourage, Ã  mon niveau, les producteurs qui font et sont le changement :) je ne peux pas faire grand chose ni donner de leÃ§ons, mais donner mon avis Ã  ceux qui pensent bien faire en posant deux extrÃªmes contraires sur un rayon, Ã§a je peux";Nantes, France;;;"1045079492568535040";https://twitter.com/MlleSaana/status/1045079492568535040
tomomori34;2018-09-26 15:35;0;0;"æ¥½ã—ã‚“ã§ã¾ã™. J-WAVE TOKYO MORNING RADIO ã“ã‚Œã¾ã§ã¨ã¯é•ã£ãŸæ„Ÿè¦šã®ã€Œè´è¦šä½“é¨“ã€ã«ã‚¤ãƒ³ã‚µã‚¤ãƒˆï¼ã§ã‚³ãƒ¡ãƒ³ãƒˆ: http://fw.to/sGML05M";æ±äº¬éƒ½;;;"1045079490731405317";https://twitter.com/tomomori34/status/1045079490731405317
maribon96;2018-09-26 15:35;0;0;"Ehi";Italia;;;"1045079489045319685";https://twitter.com/maribon96/status/1045079489045319685
love__f7;2018-09-26 15:35;0;1;"ãŠã‚ã§ã¨ã†ã†ã†ã†ã†ï¼ è‰¯ã„1å¹´ã«ï¼ @ FSG_877pic.twitter.com/YA3UUSi0Xh";"ç”Ÿãã‚‹ç†ç”±ã‚’æ¢ã™ã®ãŒäººé–“";@;;"1045079488122343424";https://twitter.com/love__f7/status/1045079488122343424
____okmt__9341;2018-09-26 15:35;0;1;"ã“ã‚Œã£ã¦çµå±€ã‚«ãƒƒãƒˆã•ã‚ŒãŸã®ã‹ãª ã‹ã‚ã„ã„ãª æ„›ã—ã„ãª å¤§å¥½ãã ãª pic.twitter.com/jHRgEhD8Fg";Just fly awayï¼ï¼;;;"1045079486545330176";https://twitter.com/____okmt__9341/status/1045079486545330176
Edwlnp;2018-09-26 15:35;0;0;"Would I crash my car just to look at a hot shirtless man jogging? Yes, I would";;;;"1045079484095901697";https://twitter.com/Edwlnp/status/1045079484095901697
Pedrogpiccoli;2018-09-26 15:35;0;1;"Segue o lÃ­der no espanhol";;;;"1045079481914982400";https://twitter.com/Pedrogpiccoli/status/1045079481914982400
Yuriya_love46;2018-09-26 15:35;0;0;"ã„ãˆã„ãˆãƒ¼ï¼ï¼ ã‚‚ã¡ã‚ã‚“ï¼ ã‚ˆã‚ã—ã";;;;"1045079479729545217";https://twitter.com/Yuriya_love46/status/1045079479729545217
sc_shiori2;2018-09-26 15:35;0;2;"ã—ãƒ¼ã¡ã‚ƒã‚“ã‚‹ãƒ¼ã‚€(ã‚µã‚¶ãƒ³â˜†ã‚¯ãƒ­ã‚¹ ä½å€‰ã—ãŠã‚Š) é…ä¿¡ä¸­!! tomoã¡ã‚ƒã‚“ãŒã€ä¹å·ã®ä¸»è¦é§…ã‚¸ãƒ£ãƒƒã‚¯ï¼ é¹¿å…å³¶æ ã®ã‚¤ãƒ™ãƒ³ãƒˆã«å‚åŠ ä¸­â˜† tomoã¡ã‚ƒã‚“ã«ã“ã‚“ãºã„ã¨ã†ã€ã‚ˆã‚ã—ããŠé¡˜ã„ã—ã¾ã™ ä»Šæ—¥ã¯ã€ã¿ãƒ¼ãŸã‚“é¢¨ãªæ„Ÿã˜ https://www.showroom-live.com/ad-spscshiori";ã‚†ã‚ã‹ã‚ã„ã„Â ğŸŒˆÂ ğŸ­âœ©*.ï¾Ÿå¯æ„›ã„ã¯æ­£ç¾©á•±â‘…á•±"Â ğŸ’“;;;"1045079478890680320";https://twitter.com/sc_shiori2/status/1045079478890680320
Arixgwed_;2018-09-26 15:35;0;0;"Merci beaucoup !!!";;;;"1045079478639177729";https://twitter.com/Arixgwed_/status/1045079478639177729
8uOcSuYCFU5xMaL;2018-09-26 15:35;0;0;"ã‚«ãƒãƒ¼ãƒãƒ¼ã‚¯ã®ã‚³ãƒ³ã‚·ãƒ¼ãƒ©ãƒ¼ãŒè‰¯ã„ã¨èã„ãŸã®ã§è³¼å…¥ã€‚ ã“ã‚Œã¯ã„ã„ ç§ã¯ã‚¤ã‚¨ãƒ™ã®Y2ã‚’è³¼å…¥ã€‚ ãã°ã‹ã™ã€ãã¾ãŒç›®ç«‹ãŸãªããªã‚‹ï¼ æœ¬å½“ãŠé¡”ã®æ¶ˆã—ã‚´ãƒ æ„ŸãŒå‡„ã„ ç§ã¯ãƒ‘ã‚¦ãƒ€ãƒ¼ã ã‘ãªã®ã§å®Œå…¨ã«ã‚·ãƒŸã¨ã‹æ¶ˆã™ã®ã¯é›£ã—ã‹ã£ãŸã‘ã©æº€è¶³ ãƒªã‚­ãƒƒãƒ‰ãƒ•ã‚¡ãƒ³ãƒ‡ã®äººã¯å®Œå…¨ã«æ°—ã«ãªã‚‰ãªããªã‚‹ã‚“ã˜ã‚ƒãªã„ã‹ãª";;;;"1045079470296559616";https://twitter.com/8uOcSuYCFU5xMaL/status/1045079470296559616
itsthereal_k;2018-09-26 15:35;0;0;"proud of my good sis https://twitter.com/aunestyw/status/1045064236609589248 â€¦";;;;"1045079469810176000";https://twitter.com/itsthereal_k/status/1045079469810176000
SS__oyama_h2625;2018-09-26 15:35;0;0;"æ¥é€±ã®ç«æ›œã‹ã‚‰å­¦æ ¡ã‚„ã‘ã©ã‚ãŸãã—ã¯10æ—¥ã‹ã‚‰ã—ã‹å­¦æ ¡è¡Œã‘ã¾ã¦ã‚“";;;;"1045079469243781120";https://twitter.com/SS__oyama_h2625/status/1045079469243781120
franfran8254;2018-09-26 15:35;0;0;"ä¸¸å±±ã•ã‚“å‘¼ã°ãªã„ã¨ã­";;;;"1045079468040056833";https://twitter.com/franfran8254/status/1045079468040056833
adisonmwright;2018-09-26 15:35;0;0;"Thank you!";;;;"1045079467629182976";https://twitter.com/adisonmwright/status/1045079467629182976
paulachorney;2018-09-26 15:35;0;1;"";Fort Sask, Alberta;;;"1045079465070481408";https://twitter.com/paulachorney/status/1045079465070481408
kityan0719;2018-09-26 15:35;0;0;"äºŒåº¦å¯ã‹ã‚‰ãŠã¯ã‚ˆã†ã”ã–ã„ã¾ã™ æ˜¨æ—¥é‡‘æœ¨çŠ€è¦‹ã‚ŒãŸ å°ã•ãªå¹¸ã›ã€œ";Kanagawa-ken, Japan;;;"1045079464835575808";https://twitter.com/kityan0719/status/1045079464835575808
omargarny99;2018-09-26 15:35;0;0;"Ø§Ù†Ø§ Ù…Ø¹ Ù…Ù†ÙˆÙˆ";Ø¬Ø¯Ø© Ø­ÙŠ Ø§Ù„Ø§Ø¬ÙˆØ§Ø¯ Â ğŸ’™ Ø§Ù„Ù‡Ù„Ø§Ù„Â ğŸ’™;;;"1045079462604406784";https://twitter.com/omargarny99/status/1045079462604406784
sadabass64;2018-09-26 15:35;0;0;"ã“ã®ã‚¸ãƒ£ãƒ¼ã‚¸ãŒã€ãªãœã‹æ°—ã«ãªã£ã¦ä»•æ–¹ãªã„ã§ã™ã€‚ # zsj # njpwhttps://twitter.com/sarei0424/status/1045069385558183937 â€¦";æ±äº¬;;# #;"1045079462365224961";https://twitter.com/sadabass64/status/1045079462365224961
ikuiku46;2018-09-26 15:35;0;0;"ãŠã£ã¯ã‚ˆã†";è‡ªç™ºè¿”ã—ã¾ã™;;;"1045079461505294338";https://twitter.com/ikuiku46/status/1045079461505294338
fukukatu1;2018-09-26 15:35;0;0;"ãŠã¯ã‚ˆã†ã”ã–ã„ã¾ã™ã¾ã‚Šãªã¡ã‚ƒã‚“ä»Šå¤œã¯ãƒ©ã‚¤ãƒ–ã ã­ã€‚é ‘å¼µã£ã¦ã­";ç¦å²¡çœŒè¡Œæ©‹å¸‚;;;"1045079459445919744";https://twitter.com/fukukatu1/status/1045079459445919744
kuri_ken_221;2018-09-26 15:35;0;0;"ã„ã‚„ã„ã‚„ã”ã£ã¡ã‚“ç¶ºéº—ã™ãã‚‹ã‚„ã‚“ pic.twitter.com/peJt0iMwUM";æ—¥æœ¬ æ±äº¬;;;"1045079458032410625";https://twitter.com/kuri_ken_221/status/1045079458032410625
bookofbitchery;2018-09-26 15:35;0;0;"Thank you love";GA;;;"1045079452672241670";https://twitter.com/bookofbitchery/status/1045079452672241670
NJ32_ka;2018-09-26 15:35;0;0;"ãƒ¬ã‚­ã•ã‚“ã‚ã‚ŠãŒã¨ã†ã”ã–ã„ã¾ã™ã€œæ°´ç‰ã¡ã‚ƒã‚“ã®ãã‚…ã‚“ã½å¤§å¥½ãã§ã™";ã‚ã‚ŠãŒã¨ã†ã”ã¡ãã†ã•ã¾Â ğŸ‘¨â€ğŸ³Â ğŸ’“ã¨Â ğŸ¦‹Â ğŸ”ã¨Â âš™;;;"1045079452214947840";https://twitter.com/NJ32_ka/status/1045079452214947840
9689_87;2018-09-26 15:35;0;0;"ã¾ã‚‹ã¡ã‚ƒã‚“ã‚‚ä½¿ã£ã¦ã‚‹ãƒ‘ã‚°æŸ„ã®æ¯›å¸ƒã€ãƒãƒŠã‚‚ã¤ã‹ã£ã¦ã‚‹ã‚ˆãƒ¼ãŠæƒã„ã‚„ã­ãˆ";æ—¥æœ¬ å¤§é˜ª;;;"1045079446611361792";https://twitter.com/9689_87/status/1045079446611361792
ad9k521;2018-09-26 15:35;0;0;"æ¤¿ãã‚“ã¯10é€£1å›ã§æ¥ã¦ãã‚Œã¦ã„ã„å­ã ãªã€œ å…¨ç„¶ãƒ—ãƒ¬ã‚¤ã§ãã¦ãªãã¦ã”ã‚ã‚“ã­ pic.twitter.com/IpY0JfZE5Y";;;;"1045079445382414337";https://twitter.com/ad9k521/status/1045079445382414337
fusan13729228;2018-09-26 15:35;0;0;"å¨˜ã¡ã‚ƒã‚“ä½œã§ã™ã­ to4ãŠã•ã‚“ã®æš–ã‹ã•ãŒè‰¯ãå‡ºã¦ã„ã¦ å‚‘ä½œã§ã™ã­ ãŠã¯ã‚ˆã†ã”ã–ã„ã¾ã™ ä»Šæ—¥ã‚‚ç´ æ•µãªä¸€æ—¥ã‚’";;;;"1045079443755032579";https://twitter.com/fusan13729228/status/1045079443755032579
minizoo841;2018-09-26 15:35;0;0;"ãŠã‚ã§ã¨ã†ã”ã–ã„ã¾ã™";é¦™å·çœŒ;;;"1045079443574673409";https://twitter.com/minizoo841/status/1045079443574673409
nagasakinop;2018-09-26 15:35;0;0;"ãŠã¯ã‚ˆã†ã”ã–ã„ã¾ã™ ä»Šæ—¥ã‚‚ç´ æ•µã§ã™ã­";é•·å´ã€‚æ¥½ã—ã„ç¾å ´ã€‚;;;"1045079442639319040";https://twitter.com/nagasakinop/status/1045079442639319040
Shimeko_38;2018-09-26 15:35;0;0;"ãŠã¯ã‚ˆã†ã”ã–ã„ã¾ã™ã‚¤ãƒ¢ã‚¿ã‚¹ã•ã‚“ é¯–ã€†å­ &ã‚¯ãƒ¼ãƒ«ãƒ»ãƒ•ã‚¡ã‚¤ãƒ–ã§ãŠå±Šã‘ã—ã¦ãŠã‚Šã¾ã™ ç¬‘ç¬‘ æ‡ã‹ã—ã€œ å›è¦‹ã¤ã‘ã¦ãã‚Œã¦ã‚ã‚ŠãŒã¨ã†ã”ã–ã„ã¾ã™ ä»Šæ—¥ã‚‚æ¥½ã—ã";å’Œæ­Œå±±çœŒ;;;"1045079442010210304";https://twitter.com/Shimeko_38/status/1045079442010210304
YUCHUN6002YI;2018-09-26 15:35;0;1;"Good Morning â‚‚â‚€â‚â‚ˆ.â‚€â‚‰.â‚‚â‚‡ Êœá´€á´˜á´˜Ê á´…á´€Ê*à³„Ëš å¤§å¥½ããªäºº å¤§åˆ‡ãªäºº ä»Šæ—¥ã‚‚ç¬‘é¡”ã§ã‚ã‚Šã¾ã™ã‚ˆã†ã«â—â€²â—¡â€µâ— # ë°•ìœ ì²œ # ãƒ¦ãƒãƒ§ãƒ³ # ILoveYourSmile # ãšã£ã¨å‘³æ–¹ # ãšã£ã¨ã„ã£ã—ã‚‡pic.twitter.com/DeyVl83gJr";;;# # # # #;"1045079441414582272";https://twitter.com/YUCHUN6002YI/status/1045079441414582272
organic_supple;2018-09-26 15:35;0;0;"ã‚¢ã‚¤ãƒãƒ¼ãƒ–ã§ã¯ä¸‹è¨˜ã‚¯ãƒ¼ãƒãƒ³ã‚³ãƒ¼ãƒ‰ä½µç”¨ã§æœ€å¤§å‰²å¼•ãŒé©ç”¨ã•ã‚Œã¾ã™ iHerbå…¨å“ï¼•ï¼…å‰²å¼•ï¼†ï¼‘ï¼ï¼…é‚„å…ƒâ†’ã€BMP596ã€‘ ã‚¢ãƒ—ãƒªåˆå›æ›´ã«ï¼„ï¼•ã‚ªãƒ•â†’ã€APPS2048ã€‘ iHarbåˆå›$40ä»¥ä¸Šæ›´ã«ï¼„ï¼‘ï¼ã‚ªãƒ•â†’ã€JP2018ã€‘ ãƒªãƒ—ãƒ©ã‚¤ã‚»ãƒ«ã‚„ã‚°ãƒ«ãƒ†ãƒ³ãƒ•ãƒªãƒ¼ç­‰ãŠã™ã™ã‚ã§ã™ pic.twitter.com/QBFQz6KG2j";Osaka-fu, Japan;;;"1045079440521396224";https://twitter.com/organic_supple/status/1045079440521396224
lucasalvar0;2018-09-26 15:35;0;1;"Relaxa nenÃª, nÃ£o decepciono nunca";Sorocaba, Brasil;;;"1045079438508085250";https://twitter.com/lucasalvar0/status/1045079438508085250
nanohassss;2018-09-26 15:35;0;0;"ãƒ›ãƒ©ãƒ¼ãƒŠã‚¤ãƒˆè¡Œã£ãŸã‚“ã ã­ ãŠãŠã€œã€œï¼ã‚ã£ã¡ã‚ƒãƒ—ãƒ­ã£ã½ã„ï¼ï¼ï¼ï¼ã™ã”ã„ï¼ è¬ã«ãƒ–ãƒ¬ã‚‹ã‚ˆã­www";ä»Šã¯ æ¾ ãƒãƒ—ãƒ† ã‚¢ãƒ³ãƒ†Â ğŸ¹Â ğŸ¹Â ğŸ¹ é–¢è¥¿å‹¢Â ğŸ™;;;"1045079437035728897";https://twitter.com/nanohassss/status/1045079437035728897
Hawaii_Aoi0612;2018-09-26 15:35;0;0;"@ nagi_paragon ãªããã‚“ãŠã¯ã‚ˆã†ã”ã–ã„ã¾ã™ æ˜¨æ—¥ãƒ©ã‚¤ãƒ³ãƒ©ã‚¤ãƒ–ã§ã‚ãŠã„ãã‚“ã ã¨å‹˜é•ã„ã•ã‚ŒãŸãƒãƒ¯ã‚¤ã«ä½ã‚“ã§ã‚‹ã‚ãŠã„ã§ã™ãƒ©ã‚¤ãƒ³ãƒ©ã‚¤ãƒ–åˆã‚ã¦è¡Œã£ãŸã‘ã©å‡„ãå¯æ„›ã‚‰ãã‹ã£ã“ã‚ˆãã¦ä½™è¨ˆæ¨ã›ã¾ã—ãŸ ãƒ‘ãƒ³ãƒ€ãƒ‰ãƒ©ã‚´ãƒ³ã®æ¨ã—ã¯ãªããã‚“æ±ºå®šã§ã™ PVã‚‚ä½•å›ã‚‚è¦‹ç›´ã—ã¾ã™ ä»Šæ—¥ã‚‚1æ—¥ãƒ•ã‚¡ã‚¤ãƒˆã§ã™ï¼";ğŸŒºãƒãƒ¯ã‚¤ã®äººã§ã™Â ğŸŒˆ;@;;"1045079436633096192";https://twitter.com/Hawaii_Aoi0612/status/1045079436633096192
ultu_san;2018-09-26 15:35;0;0;"åº•å€¤ã§è²·ã„ç‰©ã—ã¦ããŸãƒ•ã‚©ãƒ­ãƒ¯ã•ã‚“ã®æˆ¦åˆ©å“å†™ãƒ¡ã‚’è¦‹ã‚‹ã®ãŒæ¥½ã—ã„ã®ã§ã™ãŒã€ï½¢ãã‚“ãªã®ã‚‚æ®‹ã£ã¦ãŸã‚“ã ï¼ã„ã„ãªï½£ã¨ã„ã†ã‚ˆã†ãªã€70%ã‚ªãƒ•ã®æ™‚ã§æ—¢ã«è¦‹ã‹ã‘ãªã‹ã£ãŸå¯æ„›ã„å¤ç‰©ã‚‚ã‚ã£ã¦è¦‹ã¦ã‚‹ã ã‘ã§ãƒ‹ãƒ¤ãƒ‹ãƒ¤ã—ã¦ã—ã¾ã†";;;;"1045079435798446081";https://twitter.com/ultu_san/status/1045079435798446081
neensdninja;2018-09-26 15:35;0;0;"@ kooridenka Happy happy birthday, Macy!";Jeddah;@;;"1045079435672776704";https://twitter.com/neensdninja/status/1045079435672776704
jel_0728;2018-09-26 15:35;0;0;"ãŠè¿”äº‹ã‚ã‚ŠãŒã¨ã†ã”ã–ã„ã¾ã™ãŠå…ˆã«ãƒ•ã‚©ãƒ­ãƒ¼ã•ã›ã¦é ‚ãã¾ã—ãŸ\â™¡/å‘¼ã³ã‚¿ãƒ¡å¤§æ­“è¿ãªã®ã§ä»²è‰¯ãã—ã¦é ‚ã‘ãŸã‚‰å¬‰ã—ã„ã§ã™(â‘…â€¢á´—â€¢â‘…)â™¡";;;;"1045079432296259584";https://twitter.com/jel_0728/status/1045079432296259584
saySHAYname;2018-09-26 15:35;0;0;"I love sleeping naked in the dark when it rains";;;;"1045079427812593664";https://twitter.com/saySHAYname/status/1045079427812593664
_mihy89;2018-09-26 15:35;0;0;"ã‚‚ã†é…ã„ã§ã™......ã ã£ã¦ã‚„ã‚“ãªï¼ï¼ï¼ã‚«ãƒˆã‚¯ã§è©±ãã†ã‹ï¼";00â†“Ã—;;;"1045079426671628288";https://twitter.com/_mihy89/status/1045079426671628288
wksht25;2018-09-26 15:35;0;0;"NBI NALANG";;;;"1045079426575134720";https://twitter.com/wksht25/status/1045079426575134720
shainingStar21;2018-09-26 15:35;0;0;"ã‚ªãƒªã‚¨ãƒ³ã‚¿ãƒ«ãƒã‚¤ã‚ªã•ã‚“#CiONTUã‹ã‚‰ãšã£ã¨å”è³›ã—ã¦ãã ã•ã£ã¦ã‚‹ã‚“ã ã­";é–¢è¥¿;;#CiONTUã‹ã‚‰ãšã£ã¨å”è³›ã—ã¦ãã ã•ã£ã¦ã‚‹ã‚“ã ã­;"1045079422712176641";https://twitter.com/shainingStar21/status/1045079422712176641
kittychan_eri;2018-09-26 15:35;0;0;"ãã‚…ã‚“ã¨ã™ã‚‹æ¼«ç”»é…ä¿¡ä¸­ æŠ½é¸ã§100åæ§˜ã«ã‚«ãƒãƒœã‚¦ # ã‚¨ãƒ“ãƒ¼ã‚¿ã®é»’ ã®ã‚ªãƒ¼ãƒ«ã‚¤ãƒ³ãƒ¯ãƒ³ã‚¸ã‚§ãƒ«ãŒå½“ãŸã‚‹ã‹ã‚‚ ãƒãƒ³ã‚¬ã®ç¶šãã¯ã“ã¡ã‚‰ https://goo.gl/yBrjuB";;;#;"1045079419600031744";https://twitter.com/kittychan_eri/status/1045079419600031744
higuchi_saniwa;2018-09-26 15:35;0;0;"ã†ã²ã‚ƒãƒ¼///æœã‹ã‚‰è¤’ã‚ã‚‰ã‚ŒãŸï¼ãƒãƒƒãƒ”ãƒ¼ï¼ ã„ã¨ã“ã•ã‚“ã‚‚æœæ—©ã„ï¼ã¨ã¦ã‚‚ãˆã‚‰ã„ï¼";ãã®ã¸ã‚“;;;"1045079419008634881";https://twitter.com/higuchi_saniwa/status/1045079419008634881
leiyinglogo;2018-09-26 15:35;0;0;"Break a leg";Bay Area, California;;;"1045079418660478976";https://twitter.com/leiyinglogo/status/1045079418660478976
yuurisekai;2018-09-26 15:35;0;1;"ãƒã‚§ãƒªã¡ã‚ƒã‚“ã€ï¾Šï¾–-(oÂ´Ï‰`o)ï¾‰ æœ¬å½“è‰¯ã‹ã£ãŸã¿ãŸã„ã­~~~ Mr.Childrenã¯ã€ã™ã¹ã¦æœ€é«˜ãªã®ã¯åˆ†ã‹ã£ã¦ã‚‹ã‘ã©ã€æ˜¨æ—¥ã®ãƒ—ãƒ¬ãƒ©ã‚¤ãƒ–ã¯ã€3000äººã—ã‹å‘³ã‚ãˆã¦ãªã„ã‹ã‚‰ã€ã‚„ã±ç¾¨ã¾ã—ã„ã‚ˆã­ æ¯å­ã®è©±ã—ãŸå¾Œã¯ã€Mr.Childrenãƒˆãƒ¼ã‚¯ã§ãŠå£ç›´ã—ã ãªå¤œé€šã—ãƒ•ãƒ©ãƒ•ãƒ©ã«ãªã‚ŠãªãŒã‚‰è©±ç¶šã‘ã‚ˆã†";çŸ³å·çœŒ;;;"1045079417817452545";https://twitter.com/yuurisekai/status/1045079417817452545
BunnyButtt;2018-09-26 15:35;0;0;"Thanks dear long time no speak, hope all is well for you! DM me or msg on fb any time for a catch up";https://ko-fi.com/cubbybunneh;;;"1045079417150754817";https://twitter.com/BunnyButtt/status/1045079417150754817
hirokazu0923;2018-09-26 15:35;0;0;"ãŠã¯ã‚ˆã†ã”ã–ã„ã¾ã™ã€‚";ç§‹è‘‰åŸï¼åƒè‘‰å¸‚;;;"1045079410573893632";https://twitter.com/hirokazu0923/status/1045079410573893632
AlviarCamille;2018-09-26 15:35;0;0;"Hehehe love you";;;;"1045079410464894976";https://twitter.com/AlviarCamille/status/1045079410464894976
_h0704y_;2018-09-26 15:35;0;0;"ã¡ã‡ã‚ˆãƒ¼ã‚“ã®ç›®ã‚“ç‰å¯æ„›ã™ãã§ã¯ï¼Ÿæ§ãˆã‚ã«è¨€ã£ã¦ã‚‚ã‚¢ã‚¸ãƒ¥ãƒŠã‚¤ã‚¹";æ—¥æœ¬ å¤§é˜ªåºœ;;;"1045079409302982656";https://twitter.com/_h0704y_/status/1045079409302982656
kokoron0118;2018-09-26 15:35;0;0;"ãã‚…ã‚“ã¨ã™ã‚‹æ¼«ç”»é…ä¿¡ä¸­ æŠ½é¸ã§100åæ§˜ã«ã‚«ãƒãƒœã‚¦ # ã‚¨ãƒ“ãƒ¼ã‚¿ã®é»’ ã®ã‚ªãƒ¼ãƒ«ã‚¤ãƒ³ãƒ¯ãƒ³ã‚¸ã‚§ãƒ«ãŒå½“ãŸã‚‹ã‹ã‚‚ ãƒãƒ³ã‚¬ã®ç¶šãã¯ã“ã¡ã‚‰ https://goo.gl/yBrjuB";;;#;"1045079409059749889";https://twitter.com/kokoron0118/status/1045079409059749889
Shidamanaka_21;2018-09-26 15:35;0;0;"å¥³ã®å­ã¨ãƒ©ãƒ–ãƒ©ãƒ–ã‹ã ç§ã‚‚ã—ãŸã„ãªã";å¹³æ‰‹å‹æ¢¨å¥ˆã—ã‹ï¼¿ï¼¿ï¼¿ï¼¿ï¼¿;;;"1045079408598376448";https://twitter.com/Shidamanaka_21/status/1045079408598376448
nyanchararin;2018-09-26 15:35;0;0;"@ fo_Hi_0911 ã„ã„ã­ã‚ã‚ŠãŒã¨ã§ã™ãƒ•ã‚©ãƒ­ãƒ¼ã•ã›ã¦ã‚‚ã‚‰ã„ã¾ã—ãŸ";ãƒ¬ãƒšã‚¼ãƒ³åœ°çƒÂ ğŸŒåŸ¼ç‰;@;;"1045079406450855936";https://twitter.com/nyanchararin/status/1045079406450855936
nori0905ports;2018-09-26 15:35;0;0;"ãŠã¯ã‚ˆã€œ";å®‰èŠ¸ã®å›½ åºƒå³¶;;;"1045079405393924096";https://twitter.com/nori0905ports/status/1045079405393924096
momo_five_k1;2018-09-26 15:35;0;0;"ãªã‚“ãªã‚“ã“ã®å¯æ„›ã•ã€çˆ½ã‚„ã‹ã•è‹¥ã„ã£ã¦ç´ æ™´ã‚‰ã—ã„ è¡Œã£ã¦ã‚‰ã£ã—ã‚ƒã„";å…µåº« åŠ å¤å·å¸‚;;;"1045079402193674240";https://twitter.com/momo_five_k1/status/1045079402193674240
eyelash_ty;2018-09-26 15:35;0;0;"ãƒãƒ„ã‚¨ã‚¯ãƒ¢ãƒ‡ãƒ«å‹Ÿé›†ä¸­ã§ã™ ãƒ‡ã‚¶ã‚¤ãƒ³è‡ªç”±ã§ã™ å‹Ÿé›†æ—¥æ™‚ 9/27 ãƒ»10:00~ æ®‹ã‚Šã“ã¡ã‚‰ã®1æ ã®ã¿ã§ã™ ã”äºˆç´„ã¯å…ˆç€é †ã§ã™ DMã‹ãƒªãƒ—ã«ã¦ã”äºˆç´„ãŠå¾…ã¡ã—ã¦ãŠã‚Šã¾ã™ # ãƒãƒ„ã‚¨ã‚¯ # ãƒãƒ„ã‚¨ã‚¯ãƒ¢ãƒ‡ãƒ« # ã¾ã¤ãˆã # ã¾ã¤ã‚¨ã‚¯ # ã¾ã¤ã‚¨ã‚¯ãƒ¢ãƒ‡ãƒ« # ãƒãƒ„ã‚¨ã‚¯æ–°å®¿pic.twitter.com/pnKRweISh1";æ–°å®¿è¥¿å£;;# # # # # #;"1045079401904259072";https://twitter.com/eyelash_ty/status/1045079401904259072
karlachavz;2018-09-26 15:35;0;0;"Respira un nuevo aire, una nueva ilusiÃ³n";;;;"1045079400360935424";https://twitter.com/karlachavz/status/1045079400360935424
tiffaaaanys_;2018-09-26 15:35;0;0;"hurry December Iâ€™m so pressed";seyvn Â â¤ï¸;;;"1045079399891177472";https://twitter.com/tiffaaaanys_/status/1045079399891177472
AYouchin;2018-09-26 15:35;0;0;"æœ€å¼·å¥³ãƒ‘ãƒ¯ãƒ¼ç™ºæ®ã—ã¦ã­";;;;"1045079399647797248";https://twitter.com/AYouchin/status/1045079399647797248
gkt_0829;2018-09-26 15:35;0;0;"ãƒ›ãƒ¯å­ã‚ã‚ŠãŒã¨";;;;"1045079397064007680";https://twitter.com/gkt_0829/status/1045079397064007680
tomomori34;2018-09-26 15:35;0;0;"ã¾ãŸæ˜æ—¥. J-WAVE ZAPPA: http://fw.to/YWHQBbg";æ±äº¬éƒ½;;;"1045079394245627906";https://twitter.com/tomomori34/status/1045079394245627906
wYCzgTTlEB00gsB;2018-09-26 15:35;0;0;"ä»Šå¹´ã¯6åŒºã‚’èµ°ã‚Šã¾ã™ ã‚ã‚ŠãŒã¨ã†ã”ã–ã„ã¾ã™";;;;"1045079393024933888";https://twitter.com/wYCzgTTlEB00gsB/status/1045079393024933888
GRkla_04;2018-09-26 15:35;0;0;"@ GReeeeN_kahoooo ã‹ã»ã¡ã‚ƒã‚“ãŠèª•ç”Ÿæ—¥ãŠã‚ã§ã¨ã† ä»Šå¹´ã®ãƒ„ã‚¢ãƒ¼ãŠäº’ã„æ¨ã—ã«ä¼šãˆãŸã®å¼·ã„ã­(ç¬‘) ã†ã¡ã®å—é¨“ãŒçµ‚ã‚ã£ãŸã‚‰ã˜ã‚ã¾ã—ã‚ˆã†ã­éŠã¼ã†ã­ï¼ï¼ï¼ ã¾ãŸã“ã‚Œã‹ã‚‰ã‚‚çµ¡ã‚“ã§ãã ã•ã„ï¼ ã„ã„1å¹´ã«ãªã‚Šã¾ã™ã‚ˆã†ã«";ä½æµ®ä¸Š é€šçŸ¥OFF;@;;"1045079392756486144";https://twitter.com/GRkla_04/status/1045079392756486144
qQ9Bz2aIORS61xW;2018-09-26 15:35;0;0;"ã±ãã™ã‘ãƒ½( ãƒ»âˆ€ãƒ»)ï¾‰ãŠã¯ã‚ˆã† ä»Šæ—¥ã®ã¯ã‚‚ãŠä»•äº‹é ‘å¼µã£ã¦ä¸‹ã•ã„ãƒ•ã‚¡ã‚¤ãƒˆã§ã™ ç™’ã•ã‚Œã‚‹â™ª( Â´âˆ€ï½€)äºº(Â´âˆ€ï½€ )â™ª";KyÅ«shÅ«, Miyazaki;;;"1045079390130921472";https://twitter.com/qQ9Bz2aIORS61xW/status/1045079390130921472
thestacysofar;2018-09-26 15:35;0;0;"Shorty had flowers brought to her this morning";Wisconsin, USA;;;"1045079389640302592";https://twitter.com/thestacysofar/status/1045079389640302592
youyoshi0422;2018-09-26 15:35;1;1;"æ¬¡ã«è²·ã„ãŸã„ãŠæ´‹æœ pic.twitter.com/MqjyOxVZzT";;;;"1045079389405208578";https://twitter.com/youyoshi0422/status/1045079389405208578
Socially_Anti_;2018-09-26 15:35;0;0;"https://twitter.com/platini_954/status/1044617721256849408 â€¦";somewhere sittin pretty.;;;"1045079388704976896";https://twitter.com/Socially_Anti_/status/1045079388704976896
sakiari1221;2018-09-26 15:35;0;0;"åˆã‚ã¦ã¾ã—ã¦ ã•ãã£ã¦è¨€ã„ã¾ã™ è‰¯ã‹ã£ãŸã‚‰ä»²è‰¯ãã—ã¦ãã ã•ã„";;;;"1045079387333308416";https://twitter.com/sakiari1221/status/1045079387333308416
yurarara12;2018-09-26 15:35;0;0;"ãŠäº’ã„ã«ä¸å®‰ã§å–§å˜©ã—ã¡ã‚ƒã†ã“ã¨ã‚‚ã‚ã‚Šã¾ã™ã‚ˆã­ã€‚å½¼ã‚’ä¿¡ã˜ã¦é ‘å¼µã‚Šã¾ã—ã‚‡ã†ï¼å¿œæ´ã—ã¦ã„ã¾ã™ã‚ˆ";;;;"1045079383600316416";https://twitter.com/yurarara12/status/1045079383600316416
deco_eternal;2018-09-26 15:35;0;0;"å…ˆæ—¥ã‚ªãƒ¼ãƒ€ãƒ¼é ‚ã„ãŸ ã‚¿ãƒ³ãƒˆ ã‚¹ãƒ¯ãƒ­ãƒ•ã‚¹ã‚­ãƒ¼ ã‚¹ãƒ¯ãƒ­ã¯ã‚„ã¯ã‚Šã‚­ãƒ©ãƒƒã‚­ãƒ©ã§å­˜åœ¨æ„ŸãŒã‚ã‚Šã¾ã™ã­ã€œ ç„¡äº‹ã«åˆ°ç€ã—ã¦å¯æ„›ã„ã§ã™ã®ã”æ„Ÿæƒ³é ‚ãã¾ã—ãŸ æ°—ã«å…¥ã£ã¦é ‚ãå¬‰ã—ã„ mæ§˜ã‚ã‚ŠãŒã¨ã†ã”ã–ã„ã¾ã—ãŸ æ¬¡ã¯ã‚ªãƒ¼ãƒ€ãƒ¼å“ã‚¯ãƒ©ã‚¦ãƒ³4ç‚¹ã®ä½œæˆé–‹å§‹ # ãƒãƒ³ãƒ‰ãƒ¡ã‚¤ãƒ‰å¥½ãã•ã‚“ã¨ã¤ãªãŒã‚ŠãŸã„ # ã‚«ã‚¹ã‚¿ãƒ pic.twitter.com/ehd4sRVWOn";æ—¥æœ¬;;# #;"1045079383461916672";https://twitter.com/deco_eternal/status/1045079383461916672
WTR_NGT;2018-09-26 15:35;0;0;"sleep tight pic.twitter.com/hBiGQHD1WE";HOKKAIDO JAPAN;;;"1045079382740545536";https://twitter.com/WTR_NGT/status/1045079382740545536
naonao7532;2018-09-26 15:35;0;1;"ä»Šæ—¥ã¯9æœˆ27æ—¥ã€å¥³æ€§ãƒ‰ãƒ©ã‚¤ãƒãƒ¼ã®æ—¥ã ã‚ˆã€‚ä»Šåº¦ãŠã‹ã£ã±ã¡ã‚ƒã‚“ã«ä»•äº‹é ¼ã‚‚ã† # æ¨ã—ã‚«ãƒ¬ãƒ³ãƒ€ãƒ¼ # é«˜å€‰èŒé¦™ # ãŠã‹ã£ã± # ã‚‚ãˆã‹ã´ # ï¾”ï½¯ï¾Šï¾Ÿï½µï½¶ï½¯ï¾Šï¾Ÿï¾€ï¾ï¾…ï½§ # æ—¥æœ¬å˜æ¨ã—å”ä¼špic.twitter.com/EFwWht4lBE";æ—¥æœ¬å˜æ¨ã—å”ä¼š æ±äº¬æœ¬éƒ¨;;# # # # # #;"1045079378227384320";https://twitter.com/naonao7532/status/1045079378227384320
sexygirlGT;2018-09-26 15:35;0;0;"";En todos lados.;;;"1045079377896239104";https://twitter.com/sexygirlGT/status/1045079377896239104
JxUzmMNHscsJ7rm;2018-09-26 15:35;0;0;"ã¯ã˜ã‚ã¾ã—ã¦ï¼ ãƒ•ã‚©ãƒ­ãƒ¼ã‚ˆã‚ã—ã„ã§ã™ã‹ï¼Ÿï¼Ÿ";ã ã„ã¡ãƒÂ ğŸ“©âœ2018/09/25Â ğŸ’—;;;"1045079376348340224";https://twitter.com/JxUzmMNHscsJ7rm/status/1045079376348340224
m13k3CBF7;2018-09-26 15:35;0;1;"ã‚ã‚ŠãŒã¨ã†";æ—¥æœ¬;;;"1045079375459246081";https://twitter.com/m13k3CBF7/status/1045079375459246081
kqaEraGpkc4DujE;2018-09-26 15:35;0;0;"å…¨ç„¶å¤§ä¸ˆå¤«ã§ã™ ã¾ãŸãŠé¡˜ã„ã—ã¾ã™";;;;"1045079372791570432";https://twitter.com/kqaEraGpkc4DujE/status/1045079372791570432
chihiroleon;2018-09-26 15:35;0;0;"å¸‚å†…ã‹ã‚‰é›¢ã‚Œã¦ã‚‹ã£ã¦èã„ãŸã‚ˆï¼Ÿ ã»ã‚“ã¨ã«ã€‚ ç±³æ´¥ã•ã‚“ãŒã¾ãšã¯ã€é£›è¡Œæ©Ÿé£›ã‚“ã§ æ¥ã¦ãã‚Œã‚‹ã“ã¨ãŒå…ˆæ±ºã‹ã‚‚(ç¬‘) ã“ã®ä¼šå ´ã¯ã€ã†ã¡ã‹ã‚‰ã‚‚è¿‘ã„ã— åœ°ä¸‹é‰„ã§è¡Œã‘ã‚‹ã‹ã‚‰ä¾¿åˆ©ãªã® â†‘è¡Œãæ°—æº€ã€…(ç¬‘) ã§ã‚‚ã­ã€é“å†…ã®ãƒ•ã‚¡ãƒ³ãŒã“ã“ã« é›†ä¸­ã™ã‚‹ã®ã‚ˆ...ç§ã€ãã‚“ãªã«ç°¡å˜ã«å½“ãŸã‚‰ãªã„æ°—ã‚‚ã—ã¦ã‚‹";;;;"1045079372565114880";https://twitter.com/chihiroleon/status/1045079372565114880
snvbn1;2018-09-26 15:35;0;1;"YÃ¼rek gene dayanmadÄ± tabi";;;;"1045079372380745728";https://twitter.com/snvbn1/status/1045079372380745728
ayapi_kawacolle;2018-09-26 15:35;0;0;"ãŠã¯ã‚ˆã†ã”ã–ã„ã¾ã™åˆãƒªãƒ—ã‚ã‚ŠãŒã¨ã†ã”ã–ã„ã¾ã™ã‚ãƒ¼ã‚ã‚ŠãŒã¨ã†ã”ã–ã„ã¾ã™æ¥½ã—ã¿ã«ã—ã¦ã¾ã™";;;;"1045079371885744129";https://twitter.com/ayapi_kawacolle/status/1045079371885744129
QK_rabbit;2018-09-26 15:35;0;0;"ä»²è‰¯ã„ãªãâ€¦æœ«æ°¸ããŠå¹¸ã›ã«â€¦";æ±æ–¹åŒäººã‚µãƒ¼ã‚¯ãƒ«ï¼šã†ã•äº­;;;"1045079370841260032";https://twitter.com/QK_rabbit/status/1045079370841260032
Danny5phantom;2018-09-26 15:35;0;0;"Cause you know ima get wings today lol";;;;"1045079366302986240";https://twitter.com/Danny5phantom/status/1045079366302986240
rrkn_n;2018-09-26 15:35;0;0;"é’æ±Ÿ";ç‘ ç’ƒâ˜ã“ã£ã¡;;;"1045079364814000128";https://twitter.com/rrkn_n/status/1045079364814000128
BABYMETALNANA1;2018-09-26 15:35;0;1;"æ°—æŒã¡ãŒã„ã„å¤©æ°—ãŒç¶šã„ã¦ã¾ã™ã­ãƒ¼(ï¿£â–½ï¿£)ã™ã…ã¡ã‚ƒã‚“ã‚‚ã©ã“ã‹ã§æ¡œã‚’è¦‹ä¸Šã’ã¦ã‚‹ã‹ã‚‚ã§ã™ã­â€¦ # BABYMETALå¥½ããªã‚‰RT # BABYMETAL # BABYMETALå¤§å¥½ãpic.twitter.com/BS0U751fYI";;;# # #;"1045079364230995968";https://twitter.com/BABYMETALNANA1/status/1045079364230995968
MKYSAVE;2018-09-26 15:35;0;1;"Wow youâ€™re cute pic.twitter.com/xjZepBjhrM";Forth Worth, TX;;;"1045079362670940160";https://twitter.com/MKYSAVE/status/1045079362670940160
Itsyourxdestiny;2018-09-26 15:35;0;0;"https://twitter.com/xicanitabonita/status/1044449202363752448 â€¦";;;;"1045079360980635648";https://twitter.com/Itsyourxdestiny/status/1045079360980635648
nikolx_m;2018-09-26 15:35;0;0;"";Holywood, Northern Ireland;;;"1045079359487455234";https://twitter.com/nikolx_m/status/1045079359487455234
yukinomama07;2018-09-26 15:35;0;0;"ã‚ï¼ãã®æŒã¡ä¸Šã’ã¦ã‚‹æ‰‹ã§æ´—ã£ã¦ã‚ã’ã‚‹ã‚“ã§ã™ã­ãƒ™ãƒ†ãƒ©ãƒ³è‡­ãŒã™ã”ã„â€¦ï¼â†é–“é•ã£ã¦è§£é‡ˆã—ã¦ã„ãŸã‚‰ã™ã¿ã¾ã›ã‚“ ã‚¢ãƒ‰ãƒã‚¤ã‚¹ã‚ã‚ŠãŒã¨ã†ã”ã–ã„ã¾ã™(ï½€ãƒ»Ï‰ãƒ»Â´)";æ±äº¬éƒ½ï¼†å¤§é˜ªåºœ;;;"1045079358790983681";https://twitter.com/yukinomama07/status/1045079358790983681
nemuisono_;2018-09-26 15:35;0;0;"ã‚¤ãƒ™ã˜ã‚ƒãªãã¦ã‚‚æ™®é€šã«ã“ã¾ã¡ã‚ƒã‚“ã«ä¼šã„ã«è¡ŒããŸã„â€¦";;;;"1045079358417723397";https://twitter.com/nemuisono_/status/1045079358417723397
The_rite_stuff;2018-09-26 15:35;0;1;"Aaaw just read the other messgs Stay strong & prayers to a fast recovery pic.twitter.com/noCyRrtey5";;;;"1045079356870201344";https://twitter.com/The_rite_stuff/status/1045079356870201344
marco171292;2018-09-26 15:35;0;0;"Sono felice";;;;"1045079356089995265";https://twitter.com/marco171292/status/1045079356089995265
BU_BU_BU_22;2018-09-26 15:35;0;0;"åå‰ã¿ã‹ãªã‚“ã§ãŠå¥½ãã«å‘¼ã‚“ã§ãã ã•ãƒ¼ã„â™¡ ãªã‚“ã¦ãŠå‘¼ã³ã—ã¾ã—ã‚‡ã†ã‹ï¼Ÿ";;;;"1045079353485185024";https://twitter.com/BU_BU_BU_22/status/1045079353485185024
TNN55;2018-09-26 15:35;0;0;"ãã£ã‚‚ã€œã«ã€œã‚“ ä»Šæ—¥ã‚‚èŸ»ã¡ã‚ƒã‚“ã«ã¨ã£ã¦ã€ã„ã„ä¸€æ—¥ã«ãªã‚Šã¾ã™ã‚ˆã†ã« æœ¨æ›œæ—¥ã¯ç·‘ã‹ã€œ ä»Šæ—¥ã¯ä¹å·ãƒ»ä¸­å›½ãƒ»å››å›½ã¯å¤§ä½“æ™´ã‚Œãã† è¿‘ç•¿ãƒ»åŒ—é™¸ã¯æ—¥ä¸­ã¯æ¬¡ç¬¬ã«é™½ãŒå·®ã—ãã† æ±æµ·ãƒ»é–¢æ±ã¯æ˜¼é ƒã«ã‹ã‘ã¦é›¨ãŒé™ã‚Šã‚„ã™ã„çŠ¶æ³ã«ãªã‚Šãã† ä»Šæ—¥ã‚‚å…ƒæ°—ã«ã„ãã¾ã£ã—ã‚‡ã„ ï¼¼ï¼¼\\Ù©( 'Ï‰' )Ùˆ //ï¼ï¼";åŸ¼ç‰çœŒ æ˜¥æ—¥éƒ¨å¸‚;;;"1045079349018251265";https://twitter.com/TNN55/status/1045079349018251265
KrnM0212h17;2018-09-26 15:35;0;0;"åˆ†ã‹ã‚Šã¾ã™ã€è¡€å°æ¿ã¡ã‚ƒã‚“å¯æ„›ã„ã§ã™ã‚ˆã­";ã‚¦ã‚¸ãã‚“ã‚¬ãƒæ‹æ ã®å¤§å­¦ç”Ÿ;;;"1045079347726495744";https://twitter.com/KrnM0212h17/status/1045079347726495744
tegotego_0927;2018-09-26 15:35;0;0;"ã‚„ã£ãŸãâœŒï¸â™¡ã“ã¡ã‚‰ã“ã";NEWSã«ã¤ã„ã¦ã„ãã€‚;;;"1045079346229039104";https://twitter.com/tegotego_0927/status/1045079346229039104
MissMotown_;2018-09-26 15:35;0;1;"If anyone wants to give me or contribute to a J Cole concert ticket as a late birthday gift by all means feel free";The Queendom;;;"1045079345956605953";https://twitter.com/MissMotown_/status/1045079345956605953
NDS_626;2018-09-26 15:35;0;0;"Ø§ÙˆÙ ÙˆÙ„Ù„Ù‡ Ø§Ù„Ø­Ù…Ø¯";Santiago Bernabue;;;"1045079344622768129";https://twitter.com/NDS_626/status/1045079344622768129
Hc2CVbxowyYryjZ;2018-09-26 15:35;0;0;"ã—ãŸã„ã§ã™ãƒ¼ãƒ¼ä»²è‰¯ãã•ã›ã¦ãã ã•ã„";ã‹ã‚“ã•ã„;;;"1045079344274534400";https://twitter.com/Hc2CVbxowyYryjZ/status/1045079344274534400
jj_0126onlylove;2018-09-26 15:35;0;0;"ã®ã‚“ã¡ã‚ƒã‚“ã€ãŠã¯ã‚ˆã† æ˜æ—¥å‚æˆ¦ã ã£ãŸã­ æ˜æ—¥æ¥½ã—ã‚“ã§ã­ ä¸€è¶³æ—©ãæ¥½ã—ã‚“ã§æ¥ã¾ã™";åƒè‘‰ æŸå¸‚;;;"1045079344266137600";https://twitter.com/jj_0126onlylove/status/1045079344266137600
alexagarbage;2018-09-26 15:35;0;0;"One day my school had students dress up as the grim reaper and â€œkillâ€ people by running into the class and tagging them- those people werenâ€™t allowed to talk for the rest of the day it was so funny";United States;;;"1045079343498694663";https://twitter.com/alexagarbage/status/1045079343498694663
UsmanButt_007;2018-09-26 15:35;0;0;"";Tmhary Dil MeinÂ ğŸ’•;;;"1045079342244605952";https://twitter.com/UsmanButt_007/status/1045079342244605952
haru_ye0914;2018-09-26 15:35;0;0;"ãƒ•ã‚©ãƒ­ãƒ¼ã‚ã‚ŠãŒã¨ã†ã”ã–ã„ã¾ã™ ãƒãƒ«1æ­³ã®ç”·ã®å­ã§ã™ï¼ ã‚ˆã‚ã—ããŠé¡˜ã„ã—ã¾ã™";æ„›çŸ¥çœŒ;;;"1045079340642271232";https://twitter.com/haru_ye0914/status/1045079340642271232
tmon___;2018-09-26 15:35;0;0;"ã‚ã–ã‚‰ã—ã¨ã„ã£ã—ã‚‡ãªã‚‰æ€–ã„å¤¢è¦‹ãªã„ã‹ãªï¼Ÿ( ï½¥á·„á½¢ï½¥á·… ) ã‚†ã£ãã‚Šä¼‘ã‚“ã§ã®";ã‚¢ãƒ«ã‚¼ãƒ³ãƒãƒ³;;;"1045079339966976000";https://twitter.com/tmon___/status/1045079339966976000
Shona1612;2018-09-26 15:35;0;0;"Why does a urology referral take so long sick of not weeing properly";;;;"1045079339665182720";https://twitter.com/Shona1612/status/1045079339665182720
XO_RILOOW_PAIGE;2018-09-26 15:35;0;0;"People are lucky sometimes but Iâ€™ll always win in the end";;;;"1045079338931097600";https://twitter.com/XO_RILOOW_PAIGE/status/1045079338931097600
breeze_oekaki;2018-09-26 15:35;0;0;"ã“ã‚Œã¯ã‚‚ã£ã¨å¯’ããªã£ã¦ã‹ã‚‰ã®è©±ã ã‘ã©å¯’ã•ã®ä¸­å¾…ã¡åˆã‚ã›å ´æ‰€ã§ç›¸æ‰‹ã‚’å¾…ã¤å§¿æƒ³åƒã™ã‚‹ã®å¥½ã";ä¸¸äº•ãã‚“ã®ç¬‘é¡”ã‚’å®ˆã‚ŠéšŠ;;;"1045079338037653504";https://twitter.com/breeze_oekaki/status/1045079338037653504
feena_esterior;2018-09-26 15:35;0;0;"ã‚‹ã‹ã•ã‚“ãŠèª•ç”Ÿæ—¥ãŠã‚ã§ã¨ã†ã”ã–ã„ã¾ã™ï¼ ã¾ãŸå¥ˆå¤®ã¡ã‚ƒã‚“ã¨ä¸€ç·’ã«æ¥½ã—ã„æ™‚é–“ãŒãŸãã•ã‚“éã”ã›ã‚‹ä¸€å¹´ã«ãªã‚‹ã¨ã„ã„ã§ã™ã­ï¼o(*âŒ’â€•âŒ’*)o";;;;"1045079337731424256";https://twitter.com/feena_esterior/status/1045079337731424256
r_e___27;2018-09-26 15:35;0;0;"ã¡ã‚…ã£ããƒ¼";ã„ã—ã‹ã‚ã‹;;;"1045079337509113857";https://twitter.com/r_e___27/status/1045079337509113857
G1104Taku;2018-09-26 15:35;0;1;"ã™ãƒ¼ã•ã‚“ãŠã¯ã™ãƒ¼ æœã¯ãƒ›ãƒ³ãƒˆå¯’ã„ã­:;(âˆ©Â´ï¹`âˆ©);: ãƒ’ãƒ¼ãƒˆãƒ†ãƒƒã‚¯ç€ã¦ã¦ã‚‚å¯’ã„ãã‚‰ã„ã ã‚ˆ ã™ãƒ¼ã•ã‚“é¢¨é‚ªã²ã‹ãªã„ã‚ˆã†ã«ã­ ä»Šæ—¥ã‚‚1æ—¥é ‘å¼µã‚ã†ã­Ù©(ËŠá—œË‹*)Ùˆ";ã¨ã«ã‹ããƒ©ãƒ¼ãƒ¡ãƒ³ã¨é¤ƒå­ãŒå¤§å¥½ãÂ ğŸœ;;;"1045079336330510337";https://twitter.com/G1104Taku/status/1045079336330510337
looeorzA3;2018-09-26 15:35;0;1;"ãŠã¯ã‚ˆã†ã€œã€œ ååº§èª•ç”Ÿæ—¥ãŠã‚ã§ã¨ã†ã€œã€œ";104å·å®¤ã®å£;;;"1045079335026081792";https://twitter.com/looeorzA3/status/1045079335026081792
SarahSheKicks2;2018-09-26 15:35;2;1;"Me also, heâ€™s hilarious! I havenâ€™t seen facial expressions that animated since Jim Carrey.";Florida, USA;;;"1045079334426423302";https://twitter.com/SarahSheKicks2/status/1045079334426423302
ruka_sonoko;2018-09-26 15:35;0;0;"@ inouesonoko ããƒ¼ã‚“ã¡ã‚ƒã‚“ã£ ãŠã¯ã‚ˆã€œ ä»Šæ—¥å¯’ã™ãã¦ç¬‘ã† é¢¨é‚ªã²ã‹ãªã„ã‚ˆã†ã«æ°—ã‚’ã¤ã‘ã¦ãƒ éŸ³éœŠã®æ—¥å°é¢¨æ¥ã‚‹ã‚“ã ã£ã¦ ã“ã£ã¡ã«æ¥ãªã„ã‚ˆã†ã«å¹ãé£›ã°ã™ã—ã‹ ãƒ•ãƒ¼ã£ã¦ã€ç¬‘ ã‚“ã‚“ãã‚“ã¡ã‚ƒã‚“ ã‚ã¨ã¡ã‚‡ã£ã¨ã§ä¼šãˆã‚‹ æ„›ã®ãƒ†ãƒ¬ãƒ‘ã‚·ãƒ¼ ã‚‹ã‹ã®æ„›å±Šã‘ã‚‹ã€ ä»Šæ—¥ã‚‚é ‘å¼µã‚ãƒ";;@;;"1045079334015229952";https://twitter.com/ruka_sonoko/status/1045079334015229952
jerseygolden;2018-09-26 15:35;0;0;"";New Jersey, USA;;;"1045079332736167941";https://twitter.com/jerseygolden/status/1045079332736167941
rlxjess;2018-09-26 15:35;2;6;"Noivinha no quadrilhÃ£o e no dia a dia tambÃ©m!!!! pic.twitter.com/WBDMBVJ47R";+55021;;;"1045079332480327682";https://twitter.com/rlxjess/status/1045079332480327682
hiro_type_R;2018-09-26 15:35;0;0;"ä»Šæ—¥ã¯OROCHI ã§ã‚‚å¸°ã‚‹ã®ã¯é…ã„";æ„›çŸ¥çœŒ;;;"1045079330424938497";https://twitter.com/hiro_type_R/status/1045079330424938497
follow_chachan;2018-09-26 15:35;0;0;"æ¯æ—¥ã¨ã‹æ¯é€±ä½•æ›œæ—¥ã¨ã‹æ±ºã‚ã¦æ¸¬ã‚‹ã¨ã„ã„ã¨æ€ã„ã¾ã™ã‚ˆã‚„ã‚‹æ°—ã«ã¤ãªãŒã‚Šã¾ã™ï¼";;;;"1045079329225367559";https://twitter.com/follow_chachan/status/1045079329225367559
staceygweinn;2018-09-26 15:35;0;0;"ayieee thank uu";pete davidson;;;"1045079328449392640";https://twitter.com/staceygweinn/status/1045079328449392640
Iris86204567;2018-09-26 15:35;0;0;"@ s_keee_n æ€¥ã«ã™ã¿ã¾ã›ã‚“ï¼ ãŠè©±ã—ã¦ã¿ãŸãã¦ãƒ•ã‚©ãƒ­ãƒªã‚¯é€ã‚‰ã›ã¦ã„ãŸã ãã¾ã—ãŸï¼ è¨±å¯ã—ã¦é ‚ã‘ãŸã‚‰å¬‰ã—ã„ã§ã™";;@;;"1045079327866376192";https://twitter.com/Iris86204567/status/1045079327866376192
TAKE_YPmagical;2018-09-26 15:35;0;1;"ã‚¸ãƒ£ãƒŸãƒ©ã‚¹ãŒæœ€è¿‘ã®ãƒˆãƒ¬ãƒ³ãƒ‰ã‚«ãƒ¼ãƒ‰ã¿ãŸã„ãªã®ã§è¦ãƒã‚§ãƒƒã‚¯ã§ã™ã‚ˆ é£›ã³è¹´ã‚ŠÃ—2ã€ã¯ãã‚Œãƒ¡ã‚¿ãƒ«ã€åŠ›ã®æŒ‡è¼ªÃ—2ã¯ã‚ºãƒ«ã£ã™æµçŸ³ã«é˜²ã’ãªã„ã£ã™";ç¾åœ¨DQRãƒ¡ã‚¤ãƒ³;;;"1045079327375642625";https://twitter.com/TAKE_YPmagical/status/1045079327375642625
SANOPICHU;2018-09-26 15:35;0;0;"ãƒ¯ã‚¿ã¡ã‚ƒã‚“ã«è² ã‘ãªã„ã‘ãã‚‰ã„æ„›ã—ã¦ã‚‹ã‚“ã ã‘ã©ãª~";;;;"1045079326448746497";https://twitter.com/SANOPICHU/status/1045079326448746497
BlueiceTr;2018-09-26 15:35;0;1;"";;;;"1045079325488369664";https://twitter.com/BlueiceTr/status/1045079325488369664
Naddie_Elle;2018-09-26 15:35;0;0;"Says every person before they realize theyâ€™re like foot-pillows!!! Theyâ€™re basic - yes. Ugly - hell yes. But damn it if they donâ€™t feel like a warm cloud hugging your feet Mood wearing them when itâ€™s cold: pic.twitter.com/MUAFCMoT0y";Washington, D.C.;;;"1045079325052211200";https://twitter.com/Naddie_Elle/status/1045079325052211200
Paiseeeeen_FF14;2018-09-26 15:35;0;0;"ä¸Šç´é‡‘ã‚‚ãŸãã•ã‚“ç´ã‚ã¦FCãƒã‚¦ã‚¹ã‚’Mã‚µã‚¤ã‚ºã«";ãƒŸã‚¹ãƒˆãƒ´ã‚£ãƒ¬ãƒƒã‚¸9è¡—åŒº9ç•ªå±…å€™;;;"1045079322833219584";https://twitter.com/Paiseeeeen_FF14/status/1045079322833219584
emitapi06;2018-09-26 15:35;0;1;"ãŠã¯ã‚ˆã†ã”ã–ã„ã¾ã™";ç¬¬72å›ã‚¿ãƒŸã‚¹ãƒBã‚¯ãƒ©ã‚¹å„ªå‹Â ğŸ‰;;;"1045079320572514304";https://twitter.com/emitapi06/status/1045079320572514304
Martitaaa_;2018-09-26 15:35;1;1;"";MadridÂ âœˆMaryland.;;;"1045079320052592640";https://twitter.com/Martitaaa_/status/1045079320052592640
Riiii73;2018-09-26 15:35;0;0;"(å¤«)ä»Šæ—¥é£²ã¿ã«è¡Œã£ã¦ãã¦ã‚‚ã„ã„ï¼Ÿ è¡Œã£ã¦ãŠã„ã§ (ã‚ˆã—ï¼å¤•é£¯ä½œã‚‰ãªãã¦ã™ã‚€!!!ãã—ã¦ã‚µãƒ¢ãƒ©ãƒ³ãŸãã•ã‚“ã§ãã‚‹ãœã‡ãƒ¼ãƒ¼w) (å¤«)ã‚²ãƒ¼ãƒ ã„ã£ã±ã„ã§ãã‚‹ã­w ã‚ã€ãƒãƒ¬ã¦ãŸww";;;;"1045079317514833920";https://twitter.com/Riiii73/status/1045079317514833920
habab_alkhair;2018-09-26 15:35;0;0;"Guuyyys who's birthday?? pic.twitter.com/IN5l7RLp7a";;;;"1045079316353208325";https://twitter.com/habab_alkhair/status/1045079316353208325
55cbrider;2018-09-26 15:35;0;0;"ãŠã¯ã‚ˆã†ã”ã–ã„ã¾ã™ã€‚ ã‚«ãƒ¼ãƒ—å„ªå‹ åºƒå³¶ãã”ã† ã®å„ªå‹ã‚»ãƒ¼ãƒ« è¡ŒããŸã„ãª";é³¥å–çœŒç±³å­å¸‚;;;"1045079315816243200";https://twitter.com/55cbrider/status/1045079315816243200
akiko_gen;2018-09-26 15:35;0;1;"ãã¾ã­ã“ã¡ã‚ƒã‚“ã€ãŠã¯ã‚ˆã† ä»Šæ—¥ã‚‚æºæ°—ã«é ‘å¼µã‚ã†ã­ ã‚ˆã‚ã—ãã­";èŒ¨åŸçœŒç­‘è¥¿å¸‚ï¼ˆå®¶ã®å»»ã‚Šã¯ç”°åœ’ã ã‚‰ã‘Â ğŸ™;;;"1045079315434500096";https://twitter.com/akiko_gen/status/1045079315434500096
Mika_Felin;2018-09-26 15:34;0;0;"" pic.twitter.com/Rf542N8p2d";Hauts de France Â ğŸ‡«ğŸ‡·;;;"1045079313803083777";https://twitter.com/Mika_Felin/status/1045079313803083777
zeeee2017;2018-09-26 15:34;0;0;"ãŸã¶ã‚“æˆäººå¼ã¯è¡Œãã¨æ€ã†ã‹ã‚‰ãã®ã¨ãã ã­ æ¥½ã—ã¿ã«ã—ã¨ã";;;;"1045079313073065984";https://twitter.com/zeeee2017/status/1045079313073065984
ENMW_;2018-09-26 15:34;2;0;"Iâ€™m so happy lol";;;;"1045079312330829827";https://twitter.com/ENMW_/status/1045079312330829827
fuchii17;2018-09-26 15:34;0;0;"Thatâ€™s why I like it";Jeddah, Kingdom of Saudi Arabia;;;"1045079311420731392";https://twitter.com/fuchii17/status/1045079311420731392
cristaldoxx;2018-09-26 15:34;0;1;"Prefiro ignorar";;;;"1045079310573490176";https://twitter.com/cristaldoxx/status/1045079310573490176
ngz1971;2018-09-26 15:34;0;1;"@ Arc7vol80Bale ãŸãƒ¼ã˜ã¾ã‚‹ã•ã‚“ãŠã¯ã‚ˆã†ã…ã€œ";å·å´Â ğŸ˜;@;;"1045079309608615936";https://twitter.com/ngz1971/status/1045079309608615936
ysk6__4;2018-09-26 15:34;0;0;"ã†ã‚“ï¼ï¼ãŠè©±ã—ã‚ˆã†";;;;"1045079309524787200";https://twitter.com/ysk6__4/status/1045079309524787200
RealSimeonTuoyo;2018-09-26 15:34;0;0;"Somebody is going to get pregnant tonight pic.twitter.com/DBA6aMOIn3";;;;"1045079309248069632";https://twitter.com/RealSimeonTuoyo/status/1045079309248069632
izm_3tk;2018-09-26 15:34;0;0;"ã‚µãƒ¼ãƒãƒ¼ãƒ†ã‚¯ãƒãªã‚‰ã‚‚ã†è¡£è£…ã‚ã‚‹ã‹ã‚‰ã¾ãã¡ã‚ƒã‚“ã«åˆã‚ã›ã‚‹ã‚ˆã€œç¬‘";;;;"1045079307809218560";https://twitter.com/izm_3tk/status/1045079307809218560
maru_x5;2018-09-26 15:34;0;0;"ã¯ãªã¡ã‚ƒã‚“ï¼ãŠèª•ç”Ÿæ—¥ãŠã‚ã§ã¨ã†å¯æ„›ãã¦å„ªã—ãã¦å¯æ„›ã„ã‚¹ãƒ¼ãƒ‘ãƒ¼ã‚­ãƒ¥ãƒ¼ãƒˆãªã¯ãªã¡ã‚ƒã‚“ã€ç”Ÿã¾ã‚Œã¦æ¥ã¦ãã‚Œã¦ã‚ã‚ŠãŒã¨ã†ã¯ãªã¡ã‚ƒã‚“ã¨ãŠå‹é”ã«ãªã‚ŒãŸã“ã¨ã€ã¨ã¦ã‚‚å¬‰ã—ãæ€ã„ã¾ã™ï¼ãŠè©±ã—ã—ã¦ãã‚Œã¦ã‚ã‚ŠãŒã¨ã†ã¾ãŸã¯ãªã¡ã‚ƒã‚“ã«ä¼šãˆã‚‹æ—¥ã‚’æ¥½ã—ã¿ã«ã—ã¦ã¾ã™ï¼10æœˆã‚‚é ‘å¼µã£ã¦æ¢ã™ãã€œ";ãƒ˜ãƒƒãƒ€ãƒ¼æŸ´çŠ¬(@sbknw);;;"1045079306248974336";https://twitter.com/maru_x5/status/1045079306248974336
bamrl938;2018-09-26 15:34;0;0;"ã‚¸ãƒ£ãƒ³ã‚±ãƒ³ã¡ã‚ƒã‚“ã®ãƒ›ãƒ«ãƒ€ãƒ¼ã„ã¤ã‚‚ã¤ã„ã¦ã¾ã™ã‚ˆã­ è‡ªåˆ†ã§ã‚„ã£ãŸã«ã—ã¦ã‚‚ãã†ã˜ã‚ƒãªã„ã«ã—ã¦ã‚‚ä½¿ã£ã¦ã‚‹ã®ãŒå¯æ„›ã™ãã¾ã™w";åƒè‘‰ã‚ˆã‚Šã®ãƒˆãƒ¼ã‚­ãƒ§ãƒ¼;;;"1045079306022449152";https://twitter.com/bamrl938/status/1045079306022449152
bookofbitchery;2018-09-26 15:34;0;0;"Thank you";GA;;;"1045079303946473472";https://twitter.com/bookofbitchery/status/1045079303946473472
inazumasaru;2018-09-26 15:34;0;0;"ã‚„ã°ã„ã€ã¯ã¡ã®ã•ã‚“ã‹ã‚‰åŒã˜åŒ‚ã„ãŒãƒ—ãƒ³ãƒ—ãƒ³ã—ã¦ã¾ã™";ãƒ’ãƒ­ã‚¤ãƒƒã‚¯ã‚­ãƒ³ã‚°ãƒ€ãƒ ;;;"1045079302687997953";https://twitter.com/inazumasaru/status/1045079302687997953
submarine_rider;2018-09-26 15:34;0;0;"ã‚ˆã£ã—ï½ã•ã‚“ãŠã¯ã‚ã‚Šã§ã™ï¼ ã‚¤ãƒ™ãƒ³ãƒˆé ‘å¼µã‚Šã¾ã—ã‚‡ã† pic.twitter.com/CDFJB7UXbK";ã‚„ã„ã­ã€å…¶ã¯å¸Œæœ›ã®æ˜ŸÂ â­;;;"1045079301274591233";https://twitter.com/submarine_rider/status/1045079301274591233
karin_armk;2018-09-26 15:34;0;0;"ãŠã¯ã‚ˆã†ã”ã–ã„ã¾ã™( âˆ€) ãŠç–²ã‚Œæ§˜ã§ã—ãŸâ™¡â™¡ ãƒãƒ¼ãƒˆã®ç‰‡æ–¹èª°ãŒã‚„ã£ãŸã®ã‹æ°—ã«ãªã‚Šã¾ã™ ã¤ã„ã«åƒç§‹æ¥½æ—¥ã§ã™ã­â€¦ï¼ï¼ å¯‚ã—ã„ã§ã™ãŒã€ä»Šæ—¥ã‚‚å…¨åŠ›ã§ã‚­ãƒ©ã‚­ãƒ©ãªã‚¹ãƒ†ãƒ¼ã‚¸ã‚’å±Šã‘ã¦ãã ã•ã„ã­";;;;"1045079300536320000";https://twitter.com/karin_armk/status/1045079300536320000
mamirpgaming;2018-09-26 15:34;0;0;"Awesome";Los Angeles, CA;;;"1045079299328339968";https://twitter.com/mamirpgaming/status/1045079299328339968
hideko327;2018-09-26 15:34;0;0;"ãŠã¯ã‚ˆã†ã”ã–ã„ã¾ã™";å…µåº« ç¥æˆ¸å¸‚;;;"1045079297269030913";https://twitter.com/hideko327/status/1045079297269030913
ssh__1998;2018-09-26 15:34;0;0;"Ù†Ø¹Ù…";Ø§Ù„Ø¹Ø§Ù„Ù…ÙŠÂ ğŸ’›Â ğŸ’™ ÙÙŠ Ù‚Ù„Ø¨ÙŠ;;;"1045079295935336448";https://twitter.com/ssh__1998/status/1045079295935336448
takanishiyan;2018-09-26 15:34;0;0;"å”¯ã¡ã‚ƒã‚“ãŠã¯ã‚ˆå¤©æ°—æ‚ªã„ã‘ã©é ‘å¼µã‚Šã¾ã—ã‚‡ã† å¤œå‹¤ã‚ã‘ãªã®ã§ãŠã‚„ã™ã¿ãªã•ã„";åŸ¼ç‰;;;"1045079295603834880";https://twitter.com/takanishiyan/status/1045079295603834880
sarapapa731;2018-09-26 15:34;0;0;"ã§ãŸãƒ¼ å¤‰ãªè¼©â€¦ é–“é•ã„ã¯èª°ã«ã§ã‚‚ã‚ã‚‹ã‚“ã ã‹ã‚‰ã€èª¿ã¹ã¦è‡ªåˆ†ãŒé–“é•ã£ã¦ã„ãŸã¨ã‚ã‹ã£ãŸã‚‰ã€èªã‚ã¦è¬ã‚Œã°ã„ã„ã‚“ã§ã™ã‘ã©ã­";ç¥å¥ˆå·çœŒ ç¶¾ç€¬å¸‚;;;"1045079295209615361";https://twitter.com/sarapapa731/status/1045079295209615361
bboo99007;2018-09-26 15:34;0;0;"Ùƒ";;;;"1045079291262832640";https://twitter.com/bboo99007/status/1045079291262832640
imogatakusan;2018-09-26 15:34;0;0;"ãã‚…ã‚“ã¨ã™ã‚‹æ¼«ç”»é…ä¿¡ä¸­ æŠ½é¸ã§100åæ§˜ã«ã‚«ãƒãƒœã‚¦ # ã‚¨ãƒ“ãƒ¼ã‚¿ã®é»’ ã®ã‚ªãƒ¼ãƒ«ã‚¤ãƒ³ãƒ¯ãƒ³ã‚¸ã‚§ãƒ«ãŒå½“ãŸã‚‹ã‹ã‚‚ ãƒãƒ³ã‚¬ã®ç¶šãã¯ã“ã¡ã‚‰ https://goo.gl/yBrjuB";;;#;"1045079289262043136";https://twitter.com/imogatakusan/status/1045079289262043136
kosechang_wanna;2018-09-26 15:34;0;0;"ãƒ¦ãƒŠã¡ã‚ƒã‚“ã¨ãŠå‘¼ã³ã—ã¦ã‚‚ï¼Ÿ ç§ã¯ãƒ€ãƒ‹ã‚¨ãƒ«&ãƒŸãƒ‹ãƒ§ãƒ³ã•ã‚“ã€ã‚¦ãƒ³ã‚®æ¨ã—ãƒ¼ ãƒ„ã‚¤ã¯çš†ã•ã‚“ã®ã‚’ãƒ‹ãƒãƒ‹ãƒçœºã‚ã¦ã‚‹äº‹ãŒå¤šã„ã‘ã©ã‚ˆã‚ã—ãã§ã™â™ª";;;;"1045079288523907072";https://twitter.com/kosechang_wanna/status/1045079288523907072
leosotomaz;2018-09-26 15:34;0;0;"Em vez de estar estudando, optei em dormir pq nÃ£o sou obrigado a nada";Sao Paulo, Brazil;;;"1045079287630626816";https://twitter.com/leosotomaz/status/1045079287630626816
lenalovee_;2018-09-26 15:34;0;0;"Say less sis Iâ€™m on the way https://twitter.com/_kirashanice_/status/1044989701583720448 â€¦";;;;"1045079287332827136";https://twitter.com/lenalovee_/status/1045079287332827136
alakatezam;2018-09-26 15:34;0;0;"ahhhh thank you!!";Stockton, CA;;;"1045079284371472384";https://twitter.com/alakatezam/status/1045079284371472384
pekklekkle;2018-09-26 15:34;0;0;"ã‚µã‚¹ã‚±ãƒ‘ãƒ‘ã•ã‚“ã€ãŠã¯ã‚ˆã†ã§ã™ ãã€ãã€ãã‚“ãªãƒãƒ ã®CMã®ãƒ•ãƒ¬ãƒ¼ã‚ºãªã‚“ã¦â€¦ ï½±ã€ï½±ï¾€ï½¼çŸ¥ã‚Šã¾ã›ã‚“ã‹ã‚‰";äº¬éƒ½å¸‚Â ğŸŒ³Â ğŸ—Â ğŸ’Â ğŸŒ³ãŒã„ã‚‹å±±ã®éº“w;;;"1045079284165951488";https://twitter.com/pekklekkle/status/1045079284165951488
kasiyorigohan;2018-09-26 15:34;0;0;"ã‚³ãƒˆã•ã‚“ãŠèª•ç”Ÿæ—¥ãªã‚“ã§ã™ã­ ãŠã‚ã§ã¨ã†ã”ã–ã„ã¾ã™ ç´ æ•µãªèª•ç”Ÿæ—¥ãƒ—ãƒ¬ã‚¼ãƒ³ãƒˆã§ã™ã­ ã‚ˆã„ã†ãŸã‚ã‚Œãƒ©ã‚¤ãƒ•ã‚’éã”ã›ã‚‹ã¨è‰¯ã„ã§ã™ã­";;;;"1045079282656010240";https://twitter.com/kasiyorigohan/status/1045079282656010240
youobitsu;2018-09-26 15:34;0;0;"momoã¡ã‚ƒã‚“ãŠã¯ã‚ˆã†æ¥½ã—ã¿ã ã­ã‡ãƒ‰ã‚­ãƒ‰ã‚­ ã„ã„å¤©æ°—ã«ãªã‚‹ã¨ã„ã„ãªãï¼ï¼ä»Šã¯å¯’ã„ã‚ˆï½";æ—¥æœ¬ æ„›çŸ¥;;;"1045079282572087296";https://twitter.com/youobitsu/status/1045079282572087296
epul_hawis;2018-09-26 15:34;0;0;"Pagi";;;;"1045079282093940736";https://twitter.com/epul_hawis/status/1045079282093940736
kakasi5862;2018-09-26 15:34;0;1;"ä¸¡æ–¹ã§ã‚¤ã‚±ã‚‹ã‚“ã§ã™ã­ã€‚ ã‚¢ãƒŠãƒ«ã¯çµŒé¨“ç„¡ã„ã®ã§ä¸€åº¦ã—ã¦ã¿ãŸã„ãª";æ—¥æœ¬ ç¥å¥ˆå·;;;"1045079281649430528";https://twitter.com/kakasi5862/status/1045079281649430528
26812y;2018-09-26 15:34;0;0;"ãŠã£ https://twitter.com/stx_pr/status/1041937293991239680 â€¦";;;;"1045079280554659840";https://twitter.com/26812y/status/1045079280554659840
K_jenise;2018-09-26 15:34;0;0;"Idk why but I love sitting in the car when itâ€™s raining.";;;;"1045079279275593739";https://twitter.com/K_jenise/status/1045079279275593739
HzZellner;2018-09-26 15:34;0;1;"Thank you";Wrightsville, GA;;;"1045079277576884225";https://twitter.com/HzZellner/status/1045079277576884225
sakumasaku;2018-09-26 15:34;1;1;"ã‚µãƒŠã•ã‚“ã€ãŠã¯ã‚ˆã†ã”ã–ã„ã¾ã™ æº€å–«ã—ã¦ãã¾ã™ã‚ã‚ŠãŒã¨ã†ã”ã–ã„ã¾ã™ ä»Šåº¦ã‚ã’ã‚‹ã­ pic.twitter.com/Cu3XG1OWjP";åºƒå³¶çœŒ;;;"1045079276104499200";https://twitter.com/sakumasaku/status/1045079276104499200
_pipipi_sk;2018-09-26 15:34;0;0;"ã‚ã‚ŠãŒã¨ã†ã”ã–ã„ã¾ã™ ãŠå…ˆã«ï¼‹å¤±ç¤¼ã—ã¾ã™ã­â™¡";;;;"1045079274980442112";https://twitter.com/_pipipi_sk/status/1045079274980442112
yuriwo0033;2018-09-26 15:34;0;0;"ä»Šå›ã¯è¦‹é€ƒã—ã¦ã‚ã’ã¾ã—ã‚‡ã†ã‹...";æœ­å¹Œ;;;"1045079274770726912";https://twitter.com/yuriwo0033/status/1045079274770726912
hiromk2012;2018-09-26 15:34;0;1;"ãŠã¯ã‚ˆã†ã”ã–ã„ã¾ã™";åŸ¼ç‰çœŒ;;;"1045079273713750016";https://twitter.com/hiromk2012/status/1045079273713750016
ringo_yk04;2018-09-26 15:34;0;0;"ã»ã‚“ã¨ã³ã£ãã‚Šã‚ˆã€œ ã†ã‚“ï¼è¢«ã‚‹æ—¥ç¨‹å¾…ã£ã¦ã‚‹(ç¬‘)";next â†’ 1223;;;"1045079272044392449";https://twitter.com/ringo_yk04/status/1045079272044392449
itsjayyyy___;2018-09-26 15:34;0;0;"Lmfaooooo thanks girl";;;;"1045079271851667456";https://twitter.com/itsjayyyy___/status/1045079271851667456
0206White;2018-09-26 15:34;0;0;"ã»ã‚“ã¨ã«ã»ã‚“ã¨ã§ã™ã‚ˆã€œ( Ë‡Ï‰Ë‡ ) ã‚ã‚ŠãŒã¨ã†ã”ã–ã„ã¾ã™(ï¾‰Â´â–½ï½€)ï¾‰ ä¸€å¿œãƒ©ã‚¤ãƒ–ã®æ—¥ç¨‹è¡¨ã®ç¢ºèªã¯ã—ã¦ãŠãã¾ã™ ã‚ã€å†·ãˆã¦ããŸã®ã§.é¢¨é‚ªå¼•ã‹ãªã„ã‚ˆã†ã«éã”ã—ã¦ãã ã•ã„ãªã€œ";NACK5ãƒªã‚¹ãƒŠãƒ¼â˜ï¸;;;"1045079270949707776";https://twitter.com/0206White/status/1045079270949707776
mametom1269;2018-09-26 15:34;2;3;"ãŠã¯ã‚ˆã†ã”ã–ã„ã¾ã™ ä»Šæœã‚‚ã©ã‚“ã‚ˆã‚Šã²ã‚“ã‚„ã‚Šè‚Œå¯’ã„ã§ã™ ã‚­ãƒªãƒƒã¨ç¾ã—ã„ãƒˆãƒ ã•ã‚“ã‚’ ãƒ©ã‚¹ãƒˆãƒ»ã‚µãƒ ãƒ©ã‚¤ã¾ãŸè¦³ãŸã„ãª pic.twitter.com/59nl4O94sK";;;;"1045079270484193281";https://twitter.com/mametom1269/status/1045079270484193281
rin01230830;2018-09-26 15:34;0;1;"ãŠã¯ã‚ˆã†ã€œ";ãƒªãƒ³ã¡ã‚ƒã‚“ã®ã„ã‚‹æ‰€;;;"1045079268592574464";https://twitter.com/rin01230830/status/1045079268592574464
coxxxka;2018-09-26 15:34;0;0;"ã‚¦ãƒ‘æ§˜ãŠã‚ã§ã¨ã†ã”ã–ã„ã¾ã™ ã‚¹ãƒ†ã‚­ãªä¸€å¹´ã«ãªã‚Šã¾ã™ã‚ˆã†ã« https://twitter.com/upaupairuno1/status/1044967495830917120 â€¦";;;;"1045079267820761088";https://twitter.com/coxxxka/status/1045079267820761088
beautybakerie;2018-09-26 15:34;0;0;"Also try blending it out in sections VS applying it all over your face then blending...as our foundation is formulated to last long + itâ€™s matte so the dry time is a lot faster than others you may have used in the past. I hope this helps!";San Diego, CA;;;"1045079267267162112";https://twitter.com/beautybakerie/status/1045079267267162112
kinjuri_rinka;2018-09-26 15:34;2;15;"ãŠã¯ã‚ˆã€œ ä»Šæ—¥ã¯ä½“è‚²å¤§ä¼šã®å¾ŒåŠæˆ¦ãŒã‚ã‚‹ã‚ˆã€œ é›¨ã§å‡ºæ¥ãªã„ã¨æ€ã†ã‘ã©ã€œ ã‚Šã‚“ã‹ã¯é’å›£ãªã‚“ã ãã€œ é’å›£ã­ï¼å‰åŠæˆ¦å‹ã£ã¦ã‚‹ã‚“ã ãã€œ ã“ã®èª¿å­ã§å¾ŒåŠæˆ¦ã‚‚å‹ã¦ã‚‹ã¨ã„ã„ãªãã€œã€œ é ‘å¼µã‚‹ãã‰ã‰ã‰ ã¿ã‚“ãªã‚‚ãŠä»•äº‹ã¨ã‹å­¦æ ¡ã¨ã‹é ‘å¼µã£ã¦ã­ã‡ã€œ pic.twitter.com/m4Ff0Lpjwj";;;;"1045079267262881792";https://twitter.com/kinjuri_rinka/status/1045079267262881792
akachim_819;2018-09-26 15:34;0;0;"åŒã˜ãäººè¦‹çŸ¥ã‚Šã€ã€(ç¬‘)ã¾ãŸåŠ‡å ´ã§ä¼šã£ãŸã‚‰ãŠå–‹ã‚Šã—ã‚ˆï½";ãƒãƒ¼ãƒãã‚“ã®é¼»ã®ä¸‹;;;"1045079264234590213";https://twitter.com/akachim_819/status/1045079264234590213
mahiro_810;2018-09-26 15:34;0;0;"ãœã²ãœã²ã€œ\â™¡/ ã‚ˆã‹ã£ãŸã‚‰å‘¼ã³ã‚¿ãƒ¡ã‚‚å¤§æ­“è¿ã§ã™";;;;"1045079263622262785";https://twitter.com/mahiro_810/status/1045079263622262785
CROcultura1;2018-09-26 15:34;0;2;"Que descansis forÃ§a bÃ© SueÃ±a mucho esta noche y que sean cosas hermosas pic.twitter.com/xwUysKH2Tz";RepÃºblica Catalana;;;"1045079263320428544";https://twitter.com/CROcultura1/status/1045079263320428544
coooma_;2018-09-26 15:34;0;1;"ãŠã¯ã‚ˆã†ã”ã–ã„ã¾ã™ã„ã„ã­ã‚„ãƒ•ã‚©ãƒ­ãƒã—ã¦ãã‚ŒãŸæ–¹ã‚ã‚ŠãŒã¨ã†ã”ã–ã„ã¾ã™â—ã“ã‚Œã‹ã‚‰ã‚ˆã‚ã—ããŠé¡˜ã„ã—ã¾ã™â™¡â™¡";;;;"1045079260241715200";https://twitter.com/coooma_/status/1045079260241715200
code_kazz35;2018-09-26 15:34;0;0;"@ Sangwoosang ã‚µãƒ³ã‚¦ã•ã‚“ã€ãŠã¯ã‚ˆã†â™ª ä»Šæ—¥ã¯9æœˆ27æ—¥ é›¨ éŸ“å›½ã§ã‚µãƒ³ã‚¦ã•ã‚“ãŒä½œã£ãŸæ›²ãŒ æµã‚Œã¦ã‚‹ãªã‚“ã¦å¬‰ã—ã„ã­ ã”å®¶æ—ã‚‚å–œã‚“ã§ã‚‹ã§ã—ã‚‡ ã‚µãƒ³ã‚¦ã•ã‚“ã®æ‰èƒ½ãŒ ãŸãã•ã‚“ã®æ–¹ã«æ³¨ç›®ã•ã‚Œã‚‹ ãã£ã‹ã‘ã«ãªã‚‹ã¨ã„ã„ã­ ä»Šæ—¥ã‚‚ã—ã£ã‹ã‚Šé£Ÿã¹ã¦ ä½•ã‹ã„ã„ç™ºè¦‹ãŒã‚ã‚Šã¾ã™ã‚ˆã†ã« ãŒã‚“ã°ã‚ã†ã­ pic.twitter.com/Z3UPHtaQRw";ã•ã„ãŸã¾;@;;"1045079254134710277";https://twitter.com/code_kazz35/status/1045079254134710277
SunnyokoG5910C;2018-09-26 15:34;0;0;"å¥‡è·¡çš„ã€œ æœ€è¿‘ã‚ã‚“ã¾è¦‹ãªã„ã­ã€œ ã‚ãŸã—ãŒã‚²ãƒ¼ãƒ ã°ã£ã‹ã‚Šã—ã¦ã‚‹ã‹ã‚‰ã‹ è’¼ã¡ã‚ƒã‚“ã‹ãï¼ ãªã‚“ã‹æ˜ ç”»ã‚ã£ãŸã£ã‘w";å¥‰ç´ã•ã‚ŒãŸã‚³ãƒ¡ãƒƒãƒˆ;;;"1045079253388152833";https://twitter.com/SunnyokoG5910C/status/1045079253388152833
eripigxx;2018-09-26 15:34;0;0;"æœãŠè¦‹é€ã‚Šã—ã¦ã‹ã‚‰è‡³ç¦ã®ã‚¢ãƒ‹ãƒ¡ã‚¿ã‚¤ãƒ ";åƒè‘‰;;;"1045079250343100417";https://twitter.com/eripigxx/status/1045079250343100417
chrissycharisse;2018-09-26 15:34;0;0;"Bitches are crazy and be making up shit in they head. Go take care of your business and Iâ€™ll worry about mine. Thanks";Birmingham, AL;;;"1045079249324060672";https://twitter.com/chrissycharisse/status/1045079249324060672
EnderBer77;2018-09-26 15:34;1;1;"Gracias guapetÃ³n @ julvert ,";Venezuela Edo Apure;@;;"1045079247063330817";https://twitter.com/EnderBer77/status/1045079247063330817
bandori776;2018-09-26 15:34;0;3;"ãŠã¯ã‚ˆã†ã”ã–ã„ã¾ã™ ã‚ã¨2æ—¥é ‘å¼µã£ã¦ã„ãã¾ã™(*Â´ê’³`*) å¯ã¼ã‘ã¦ã¦è–«ã•ã‚“ã‚’ã‚¹ã‚¯ã‚·ãƒ§ã—å¿˜ã‚ŒãŸã®ã§ã€ä»Šæ—¥ã¯ã‚µãƒ–å¢ã§æ’®ã‚Šã¾ã—ãŸ pic.twitter.com/iKMW7FuMCJ";;;;"1045079245989376000";https://twitter.com/bandori776/status/1045079245989376000
yuko8973;2018-09-26 15:34;0;0;"ãƒŸãƒŸã¡ã‚ƒã‚“ãŠã¯ã‚ˆã†ã”ã–ã„ã¾ã™^ ^å°é¢¨ã®é€²è·¯ãŒæ°—ã«ãªã‚Šã¾ã™ã­ã€œã¨ã„ã†ã‹å«Œã§ã™ã­ã€‚å½±éŸ¿ãŒå‡ºã‚‹ã®ã¯ã€ä»Šåº¦ã®æ—¥ã€æœˆã‚ãŸã‚Šã§ã—ã‚‡ã†ã‹â‰ï¸è¢«å®³ãŒå‡ºãªã„ã¨ã„ã„ã§ã™ã€‚ ä»Šæ—¥ã‚‚è‰¯ã„1æ—¥ã‚’éã”ã—ã¦ãã ã•ã„ã­ã€œ";;;;"1045079243309211648";https://twitter.com/yuko8973/status/1045079243309211648
yu_kazi_ko;2018-09-26 15:34;0;0;"ãŠã¯ã‚ˆã†ã”ã–ã„ã¾ã™ æ˜¨æ—¥ãƒ©ãƒ¼ãƒ¡ãƒ³é£Ÿã¹ãŸã‘ã©ã€ ã¾ãŸé£Ÿã¹ãŸã„è¡å‹•ç¬‘";ã“ã“ã¯è‡ªç”±ã®å›½;;;"1045079241270775808";https://twitter.com/yu_kazi_ko/status/1045079241270775808
yoyomorikawa;2018-09-26 15:34;0;0;"ã‚ã‚ŠãŒã¨ã†ã”ã–ã„ã¾ã™ï¼ï¼ ä¸¡å†Šã¨ã‚‚ã‚ã‚‰ã™ã˜ã‚’èª­ã‚“ã ã ã‘ã§å‡„ãé¢ç™½ãã†..!ã£ã¦æ€ã„ã¾ã—ãŸä»Šåº¦è³¼å…¥ã—ã¦ã¿ã¾ã™ï¼";;;;"1045079240952049664";https://twitter.com/yoyomorikawa/status/1045079240952049664
us3_ky;2018-09-26 15:34;0;0;"æœé¢¨å‘‚æœ€é«˜ã§ã™ã­";é–¢æ±/20â†‘;;;"1045079240868126720";https://twitter.com/us3_ky/status/1045079240868126720
45102kazari;2018-09-26 15:34;0;0;"ãŠã¯ã‚ˆã†ã”ã–ã„ã¾ã™ æœ¬æ—¥ã‚‚ã‚ˆã‚ã—ããŠé¡˜ã„ã—ã¾ã™";ç†Šæœ¬çœŒ;;;"1045079240054644737";https://twitter.com/45102kazari/status/1045079240054644737
07_traumerei;2018-09-26 15:34;0;0;"ãŠã¯ã‚ˆã† ã‚ã„ã¡ãƒ†ãƒ«ã¯Webã‹ã‚‰è¦‹ã‚Œã‚‹ã‹ã‚‰ã€Œé–¢æ±ã ã‹ã‚‰è¦‹ã‚Œãªã„ã‚ˆã€ãªã‚“ã¦è¨€ã‚ã›ã¡ã‚ƒãƒ€ãƒ¡ã ã‹ã‚‰ã­ï½— http://tokai-tv.com/client_flv/aichi/aichiteru.html â€¦";;;;"1045079236627877889";https://twitter.com/07_traumerei/status/1045079236627877889
tim123456789021;2018-09-26 15:34;0;0;"ç§ã¯ä¸­å›½åœ°æ–¹å‡ºèº«ã§ã™ã‘ã©ã€åˆ¥ã«ç´›ã‚‰ã‚ã—ã„ã“ã¨ã¯ã‚ã‚Šã¾ã›ã‚“ã§ã—ãŸã€‚ ã—ã‹ã—ã€æ··åŒã‚’é¿ã‘ã‚‹ãªã‚‰ä¸­è¯ã¨è¨€ã†ã®ã¯éå¸¸ã«ã„ã„ã¨æ€ã„ã¾ã™ã€‚";;;;"1045079236384452608";https://twitter.com/tim123456789021/status/1045079236384452608
erueru158;2018-09-26 15:34;1;5;"ã¿ã‚“ãªãŠã¯ã‚ˆãƒ¼ï¼ï¼ ä»Šæ—¥ã‚‚1æ—¥é ‘å¼µã‚ã†ã­ï¼ å¯’ã„ã‹ã‚‰é¢¨é‚ªã²ã‹ãªã„ã‚ˆã†ã«ã­ ãƒªãƒ—ï¼†ã„ã„ã­å¾…ã£ã¨ã‚‹(*Â´ç½’`*)ï¾†ï¾‹ï¾‹";æ—¥æœ¬;;;"1045079236204146689";https://twitter.com/erueru158/status/1045079236204146689
amimimimi_224;2018-09-26 15:34;0;0;"å¿µã‚’ã‚‚ã‚‰ã£ãŸã®ãŒåŠ¹ã„ãŸã®ã‚„ã‚ï¼ ã‚ã‚ŠãŒã¨ã†ï¼æ¥½ã—ã‚“ã§ãã‚‹";;;;"1045079234773831680";https://twitter.com/amimimimi_224/status/1045079234773831680
hukuda1223;2018-09-26 15:34;0;0;"æœ¬æ—¥ã®ç¦ç”°ã•ã‚“ã€ä¸è¦šã«ã‚‚å…ˆæ—¥1äººãƒ‡ã‚£ã‚ºãƒ‹ãƒ¼ã‚’æ¥½ã—ã‚“ã åŒå­ã®å…„ã¨åŒã˜é¡”ã€ä¼¼ãŸæœè£…ã«ãªã‚Šã¾ã—ãŸ...ã¤ã‚‰ã½ã‚ˆ...... 1ãƒ¶æœˆåŠã¶ã‚Šã«æ±äº¬ã«å‘ã‹ã„ã¾ã™";;;;"1045079234266320896";https://twitter.com/hukuda1223/status/1045079234266320896
Mika_Felin;2018-09-26 15:34;0;0;"" pic.twitter.com/1t17791OWC";Hauts de France Â ğŸ‡«ğŸ‡·;;;"1045079234182565888";https://twitter.com/Mika_Felin/status/1045079234182565888
bboo99007;2018-09-26 15:34;0;0;"Ø§Ù„Ù„Ù‡ ÙŠØ³Ø¹Ø¯Ùƒ Ø³Ø¹Ø§Ø¯Ø© Ø§Ù„Ø¯Ø§Ø±ÙŠÙ† Ù…Ø«Ù„ Ù…Ø§ØªØ³Ø¹Ø¯ Ù…ØªØ§Ø¨Ø¹ÙŠÙ† Ù„Ùˆ Ø¨Ø´ÙŠ Ø±Ù…Ø²ÙŠ";;;;"1045079233335300097";https://twitter.com/bboo99007/status/1045079233335300097
ACUPACelayaGto;2018-09-26 15:34;0;0;"Eclipse tiene su propio pase de autobÃºs para que pueda visitar su parque canino preferido, y los conductores estÃ¡n siempre mÃ¡s que felices de llevarla a su destino MÃ¡s informaciÃ³n: https://notasdemascotas.com/?p=26633 https://www.facebook.com/566555916704103/posts/2730410400318633/ â€¦";Celaya, Guanajuato;;;"1045079229073903617";https://twitter.com/ACUPACelayaGto/status/1045079229073903617
zozomi0112;2018-09-26 15:34;0;0;"èŠ±æŸã®ã“ã¨è§¦ã‚Œã¦ã‚‚ã‚‰ãˆã¦å¬‰ã—ã„ã§ã™ãƒ‰ãŒã„ã¤ã‚‚ã®èª¿å­ã§ãŠèŠ±ã«é¡”åŸ‹ã‚ã¦â‰ï¸ã¦ãªã£ãŸã‚‰ã„ã„ãªãƒ¼ã¨ ç¶šãå¸Œæœ›ã‚ã‚ŠãŒã¨ã†ã”ã–ã„ã¾ã™æ›¸ã„ã¦ã‚ˆã‹ã£ãŸæ›¸ã‘ã‚‹ã‹åˆ†ã‹ã‚Šã¾ã›ã‚“ãŒç¬‘ã€ã‚‚ã—ã‚¢ãƒƒãƒ—ã—ãŸã‚‰èª­ã‚“ã§ã‚„ã£ã¦ãã ã•ã„ å¬‰ã—ã„ãŠè¨€è‘‰ã‚ã‚ŠãŒã¨ã†ã”ã–ã„ã¾ã™";;;;"1045079227857420288";https://twitter.com/zozomi0112/status/1045079227857420288
mn4a22_;2018-09-26 15:34;0;0;"ã¯ã„ã€œã‚ˆã‚ã—ããŠé¡˜ã„ã—ã¾ã™ æ˜¯éã‚¿ãƒ¡ã§ï¼ ç§ã¯ãªã‚“ã¦å‘¼ã¹ã°è‰¯ã„ã‹ãªâ‡";;;;"1045079226628550657";https://twitter.com/mn4a22_/status/1045079226628550657
dIOF4lIrpTNVLaj;2018-09-26 15:34;0;0;"ç§ã‚‚ã€ã§ã™ æœ€åˆã‹ã‚‰å¤±æ•—ã™ã‚‹ãªã‚“ã¦æ€ã†ã®ã¯ãƒŠãƒ³ã‚»ãƒ³ã‚¹ä»®ã«ã“ã¡ã‚‰ãŒå‹æ‰‹ã«ç››ã‚Šä¸ŠãŒã£ã¦å¦„æƒ³ã—ãŸäº‹ã‚’ã‚¹ãƒ«ãƒ¼ã•ã‚Œã¦æ°‘ãŒã‚ºãƒƒã‚³ã‚±ãŸã¨ã—ã¦ã‚‚ã€ãã‚Œã‚‚ã‚ã‚Šã‚ˆã‚Šã®ã‚ã‚Š ã©ã£ã¡ã‹ã¨ã„ã†ã¨ã€å®‰å…¨ç­–(ãŒã‚ã‚‹ã‹ã‚ã‹ã‚‰ãªã„ã‘ã©)ã§ã¤ã¾ã‚‰ãªã„ã‚ˆã‚Šã€ããƒ¼ããŸã‹â‰ï¸ã¿ãŸã„ãªã®ã‚’æœŸå¾…ã—ãŸã„ã§ã™ã€‚ãªãƒ¼ã‚“ã¦ã­";;;;"1045079225382793216";https://twitter.com/dIOF4lIrpTNVLaj/status/1045079225382793216
KOh_729;2018-09-26 15:34;0;0;"ä»Šèª­ã‚“ã§ããŸã‚ˆ ã‚ã¨ä¸€é€±é–“ã‚‚çµŒãŸãªã„ã†ã¡ã«ãŠã‹ãˆã‚Šè¨€ãˆã‚‹ã‚“ã  é•·ã‹ã£ãŸã‚ˆã†ãªæ°—ãŒã—ãŸã‘ã©æ¡ˆå¤–ã‚ã£ã¨ã„ã†é–“ã ã£ãŸãªãã€œã£ã¦æ€ã†ï¼ï¼ï¼ ã„ã¤ã‚‚ã‘ã‚“ã¨ãŒãƒªãƒ—è¿”ã—ã¦ãã‚Œã¦ã„ã‚ã„ã‚è©±ã—ã¦ãã‚Œã¦ãŸã‹ã‚‰ã‹ãª æ¯å›é•·ã„ãƒªãƒ—ã«ä¸å¯§ã«è¿”ã—ã¦ãã‚Œã¦ã‚ã‚ŠãŒã¨ã­ å¬‰ã—ã„ã—å…ƒæ°—ã‚‚ã‚‚ã‚‰ã£ã¦ãŸã‚ˆ";ã‚³ã‚³ã‚³ãƒ¬ã“ã†ã¸ã„â¤ï¸ã†ã‚‰ã¾ã˜ã‘ã‚“ã¨;;;"1045079225340850177";https://twitter.com/KOh_729/status/1045079225340850177
HeadRock_hamu;2018-09-26 15:34;0;0;"ãŠèª•ç”Ÿæ—¥ãŠã‚ã§ã¨ã†ã”ã–ã„ã¾ã™";åŸ¼ç‰çœŒè•¨å¸‚;;;"1045079222358691840";https://twitter.com/HeadRock_hamu/status/1045079222358691840
apple0822_corin;2018-09-26 15:34;0;0;"ã„ãˆã„ãˆãã‚“ãªâ€¦ ã‚ã‚ŠãŒã¨ã†ã”ã–ã„ã¾ã™ ãƒªãƒã®æ™‚ã—ã‹è¦‹ã‚Œã¦ãªã„ã‚“ã§ã™ã‘ã©ã€3-1ã®çš†ã•ã‚“ã®æ¼”æŠ€ç´ æ™´ã‚‰ã—ã‹ã£ãŸã§ã™ã‚ˆ";;;;"1045079221230391296";https://twitter.com/apple0822_corin/status/1045079221230391296
_kei04;2018-09-26 15:34;0;0;"çµ¶å¯¾è¡Œãã¾ã™";;;;"1045079220697714688";https://twitter.com/_kei04/status/1045079220697714688
cl_teatsumu;2018-09-26 15:34;0;0;"ç«‹å¤ã•ã‚“ã¯ã˜ã‚ã¾ã—ã¦ï¼ã—ã®ã¨ç”³ã—ã¾ã™ã€‚ ãƒ•ã‚©ãƒ­ãƒ¼ã‚ã‚ŠãŒã¨ã†ã”ã–ã„ã¾ã™ ãƒ•ã‚©ãƒ­ãƒå¤±ç¤¼ã—ã¾ã™ã­ã€œï¼ ã‚ˆã‚ã—ããŠé¡˜ã„ã—ã¾ã™ ã‚¤ãƒ©ã‚¹ãƒˆç´ æ•µã§ã™ï¼";å¸æ›¸å®¤;;;"1045079220211175424";https://twitter.com/cl_teatsumu/status/1045079220211175424
haruu_shann;2018-09-26 15:34;0;0;"è¦šãˆã¦ã‚‚ã‚‰ãˆã¦ãŸã‚ˆã‹ã£ãŸã€ã€ã¾ãŸä»²è‰¯ãã—ã¦ãã ã•ã„";;;;"1045079219171151872";https://twitter.com/haruu_shann/status/1045079219171151872
makesumfinup;2018-09-26 15:34;0;1;"Anyone else still playing PokÃ©mon Go (like me ) wanna be friends? Add me 7544 9638 5053 # PokemonGOpic.twitter.com/sjYVMO2lTp";Portsmouth, UK;;#;"1045079217954844683";https://twitter.com/makesumfinup/status/1045079217954844683
tete_95_jimin;2018-09-26 15:34;0;0;"ãªã‚“ã‹æ±æµ·ã‚¢ãƒŸã¡ã‚ƒã‚“å°‘ãªã„ã‚ˆã­æ±æµ·ã§åŒã˜ãƒ†ãƒ†ãƒšãƒ³ã¯ã‚ã‚Šã•ã¡ã‚ƒã‚“ãŒåˆã‚ã¦ã  ã‚ã‚Šã•ã¡ã‚ƒã‚“ã¯ä¸‰é‡ãªã‚“ã ã­ï½ã‚ãŸã—ã¯æ„›çŸ¥ã ã‚ˆ ã‚³ã‚¹ãƒ¡ã‚‚å¥½ãï½ã‚ã‚Šã•ã¡ã‚ƒã‚“ã‚‚ï¼Ÿ";;;;"1045079215450677248";https://twitter.com/tete_95_jimin/status/1045079215450677248
hi111151;2018-09-26 15:34;0;0;"ÙƒÙ„ Ø§Ù„Ù„ÙŠ Ø§Ù„Ù„ÙŠ ÙÙŠ Ø§Ù„ØªØ§ÙŠÙ… Ù…Ø·ÙˆØ¹Ø§Øª Ù…Ù‚ØµØ±Ø§Øª Ù…Ù„Ø§Ø¨Ø³Ù‡Ù†";Ø§Ù„Ù…Ù…Ù„ÙƒØ© Ø§Ù„Ø¹Ø±Ø¨ÙŠØ© Ø§Ù„Ø³Ø¹ÙˆØ¯ÙŠØ©;;;"1045079214121259010";https://twitter.com/hi111151/status/1045079214121259010
uta_nkk;2018-09-26 15:34;0;0;"ãã‚Œï¼ã‚ãŸã—ã‚‚ã‚ã‹ã‚‰ãªãã¦ã¡ã‚‡ã†ã©æ˜¨æ—¥æ°´å¤©å®®ã¸ã„ã£ã¦ä¼ºã£ã¦ããŸã¨ã“ã‚ã§ã—ãŸ ä¸­ã§è³¼å…¥ã§ãã‚‹è…¹å¸¯ã¯äº‹å‰ã«ã”ç¥ˆç¥·ã—ã¦ã„ãŸã ã„ã¦ã‚‹ã‚‚ã®ãªã®ã§ã€å„è‡ªã®ã”ç¥ˆç¥·ã®éš›ã«å·»ã„ã¦ã„ã‚‹å¿…è¦ã¯ãªã„ãã†ã§ã™ã€‚ ã‚ãŸã—ã¯æ—¢ã«è³¼å…¥ã—ã¦ã‚ã‚‹ã®ã§å½“æ—¥èº«ã«ã¤ã‘ã¦ã„ããŸã„ã¨æ€ã£ã¦ã„ã¾ã™ã€‚ å‚è€ƒã«ãªã‚Œã°å¹¸ã„ã§ã™â™¬";;;;"1045079214037192704";https://twitter.com/uta_nkk/status/1045079214037192704
TysSayo;2018-09-26 15:34;0;0;"ã¾ã ã€é‡ã„ã¡ã”ã•ã‚“æ…£ã‚Œãªã„ ã‘ã©ã‚†ã£ãã‚Šã‚„ã£ã¦ã„ã“ ãŠã¯ã‚ˆã†ã”ã–ã„ã¾ã™ï¼ï¼ï¼ ã„ã¾ã‹ã‚‰å…ƒæ°—ã«ãŠä»•äº‹è¡Œã£ã¦ã¾ã„ã‚Šã¾ã™ï¼ï¼ï¼( â¼Ì´Ì€ê’³â¼Ì´Ì )ï¾„ï¾ï¾”ï½¯âœ§";é›…ãã‚“æ¨ã—ã¦ã¾ã™âœ²ï¾Ÿ;;;"1045079213806514176";https://twitter.com/TysSayo/status/1045079213806514176
neyg1225;2018-09-26 15:34;0;0;"ãã‚…ã´ã•ã‚“ã‚ã‚ŠãŒã¨ãƒ¼ ç„¡ç†ã›ãšé ‘å¼µã£ã¦ãã¾ã™";ã‚²ãƒ¼ãƒ å¤§å¥½ãæ°‘Â ğŸ®;;;"1045079208710483968";https://twitter.com/neyg1225/status/1045079208710483968
3_lu_0x0;2018-09-26 15:34;0;0;"ã—ã—ã‚…ã‘ã•ã‚“ãŠä¹…ã—ã¶ã‚Šã§ã™ã€œ æœ€åˆã¯å¯’ã‹ã£ãŸã§ã™ã‘ã©å°‘ã—æš–ã‹ããªã£ã¦ããŸã®ã§é ‘å¼µã‚Œãã†ã§ã™ï¼ï¼ ã—ã—ã‚…ã‘ã•ã‚“ã‚‚ä»Šæ—¥å‚æˆ¦ãªã‚“ã§ã™ã­ï¼ãŠæ˜¼ã§ã™ã‹â€¦ï¼Ÿå¤œã§ã™ã‹â€¦ï¼Ÿ";é«˜çŸ¥;;;"1045079206231588864";https://twitter.com/3_lu_0x0/status/1045079206231588864
hiyoko0080014;2018-09-26 15:34;0;0;"ãŠã¯ã‚ˆã†! é ‘å¼µã‚Šã¾ã—ã‚‡ã†";æœ€å¾Œã«ç¬‘ãˆã‚ˆï¼;;;"1045079204981661696";https://twitter.com/hiyoko0080014/status/1045079204981661696
jel_0728;2018-09-26 15:34;0;0;"ãŠè¿”äº‹ã‚ã‚ŠãŒã¨ã†ã”ã–ã„ã¾ã™ãŠå…ˆã«ãƒ•ã‚©ãƒ­ãƒ¼ã•ã›ã¦é ‚ãã¾ã—ãŸ\â™¡/å‘¼ã³ã‚¿ãƒ¡å¤§æ­“è¿ãªã®ã§ä»²è‰¯ãã—ã¦é ‚ã‘ãŸã‚‰å¬‰ã—ã„ã§ã™(â‘…â€¢á´—â€¢â‘…)â™¡";;;;"1045079203907944448";https://twitter.com/jel_0728/status/1045079203907944448
anj___s;2018-09-26 15:34;0;0;"å¬‰ã—ã„ã§ã™ï¼ã‚ã‚ŠãŒã¨ã†ã”ã•ã„ã¾ã™ ãƒ•ã‚©ãƒ­ãƒ¼ã•ã›ã¦ã„ãŸã ãã¾ã—ãŸï¼ã‚ˆã‚ã—ããŠé¡˜ã„ã—ã¾ã™â¤ï¸";;;;"1045079203710824448";https://twitter.com/anj___s/status/1045079203710824448
Risa727_Keyaki;2018-09-26 15:34;0;0;"ã™ã‘ãŠã‚ã£ã¨ï¼ï¼ï¼";ç„¼è‚‰å¯¿å¸å‰é€²;;;"1045079203496919040";https://twitter.com/Risa727_Keyaki/status/1045079203496919040
makaron3000;2018-09-26 15:34;0;0;"å¤§äººãªæ„Ÿã˜ã®ã•ã‚‰ã‚‚å­ä¾›ã•ã‚‰ã‚‚ã©ã£ã¡ã‚‚å¯æ„›ãã¦å¥½ãã ã‚ˆ ã‚ã¨ãã®é‡èœã®ã‚„ã¤å¯æ„›ã„ã‚ˆãªw";;;;"1045079201815171073";https://twitter.com/makaron3000/status/1045079201815171073
ireenee_h;2018-09-26 15:34;0;0;"noelia favorita # OT18Gala1";AlcalÃ¡ de Henares, EspaÃ±a;;#;"1045079200108072961";https://twitter.com/ireenee_h/status/1045079200108072961
S_t1113KP_s129;2018-09-26 15:34;0;0;"ãŠã¯ã‚ˆã† ï¼‘å£ã˜ã‚ƒä¸å®‰ã ã‚‚ã‚“ã­ ã‘ã©ãŸãã•ã‚“ã—ã™ãã¦ã‚‚è»¢å£²ç›®çš„ã«æ€ã‚ã‚Œã¦å¼¾ã‹ã‚ŒãŸã‚‰ã‚¤ãƒ¤ã ã— é–“é•ã„ãªã„ã­çµ¶å¯¾ã«ã‚‚ã£ã¨ã‚‚ã£ã¨å¤§å¥½ãã«ãªã£ã¦æ·±ã„æ²¼ã¸ã¨è½ã¡ã¦ã„ãã­";ç¦å²¡çœŒç¦å²¡å¸‚;;;"1045079196228235264";https://twitter.com/S_t1113KP_s129/status/1045079196228235264
achuden;2018-09-26 15:34;0;0;"é¢¨ã½ã‚“ZIPã®æœˆæ›œæ‹…å½“ã«ãªã‚‹ã®ã­ ã†ã‚Œã—ãƒ¼(*Ë™áµ•Ë™ *)";ã¡ã°;;;"1045079192696541184";https://twitter.com/achuden/status/1045079192696541184
fichai_m;2018-09-26 15:34;0;0;"@ ke__mb ã‘ãƒ¼ã•ã‚“ãƒ•ã‚©ãƒ­ãƒã‚ã‚ŠãŒã¨ã†ã”ã–ã„ã¾ã™ ç„¡è¨€ãƒ•ã‚©ãƒ­ãƒ¼å¤±ç¤¼ã—ã¾ã—ãŸ(ï¼›ï¼›)ï¼ ã‘ãƒ¼ã•ã‚“ã®ã¨ã¦ã‚‚ç´ æ•µãªã‚¤ãƒ©ã‚¹ãƒˆã„ã¤ã‚‚ã‚³ã‚½ã‚³ã‚½è¦‹ã¦ã€ï½µï¾œï½§ï½ï½ï¼ã¨ãªã£ã¦ãŠã‚Šã¾ã—ãŸâ€¦( ï½¥ ï½¥Ì¥ )â™¡ ã“ã‚Œã‹ã‚‰ã‚‚æ¥½ã—ã¿ã«ã—ã¦ã¾ã™â€¦ï¼ï¼ï¼";ã€Šã¯ãŠã¯ãŠã¡ã‚ƒãã­ã‚‹ã®"ã¯"ã€‹ Â ğŸ Â ğŸ¶;@;;"1045079187260825601";https://twitter.com/fichai_m/status/1045079187260825601
j97yuuka;2018-09-26 15:34;0;0;"ãƒŠã‚ªã¡ã‚ƒã‚“â™¡ ãŠã¯ã‚ˆã† ãƒã‚°ãƒã‚°ã—ã¦ã»ã—ã„ã­ã£(â‘‰ï½¥ ï½¥â‘‰)â™¡";;;;"1045079186849710080";https://twitter.com/j97yuuka/status/1045079186849710080
cQQZoT29yiqDFf4;2018-09-26 15:34;0;2;"å†…è—¤ã•ã‚“ãŠã¯ã‚ˆã†ã”ã–ã„ã¾ã™ ä¼šæ´¥ã«å±…ã‚‹ã‚“ã§ã‚‹ã­ ãƒªãƒ•ãƒ¬ãƒƒã‚·ãƒ¥å‡ºæ¥ã¦ã¦è‰¯ã‹ã£ãŸã§ã™ ãã—ã¦ã‚«ãƒ¼ãƒ—å„ªå‹ å†…è—¤ã•ã‚“å¬‰ã—ã‹ã£ãŸã§ã—ã‚‡ã† 3å¹´é€£ç¶šã¯ã‚¹ã‚´ã‚¤ã§ã™ã‚ˆã­ ã—ã‹ã‚‚æœ¬æ‹ åœ°ã§27å¹´ã¶ã‚Šã§ã—ãŸã£ã‘ï¼Ÿ ã„ã„æµã‚Œã§æ¥ã¦ã‚‹ã®ã§ã€å†…è—¤ã•ã‚“ã‚‚ã‚¢ãƒ¡ãƒªã‚«å¤§ä¼šãƒ•ã‚¡ã‚¤ãƒˆã§ã™Ù©(à¹‘â›á´—â›à¹‘)Û¶";ç¥å¥ˆå·çœŒæ¨ªé ˆè³€å¸‚;;;"1045079186149240832";https://twitter.com/cQQZoT29yiqDFf4/status/1045079186149240832
mYuwkqJfxGLi3Nb;2018-09-26 15:34;0;1;"ãƒ¦ãƒ«ãƒªãƒ³ã•ã‚“ã€ãŠã¯ã‚ˆã†ã”ã–ã„ã¾ã™å®¿é¡ŒãŒã‚ã‚‹ã‚“ã§ã™ã­ é ‘å¼µã£ã¦ä¸‹ã•ã„ æœ¬æ—¥ã‚‚å®œã—ããŠé¡˜ã„ã—ã¾ã™";;;;"1045079184836415489";https://twitter.com/mYuwkqJfxGLi3Nb/status/1045079184836415489
smileytweets4u;2018-09-26 15:34;0;0;"Aww thank you! I hope itâ€™ll give me a confidence boost x";West Midlands, England;;;"1045079184551366656";https://twitter.com/smileytweets4u/status/1045079184551366656
trs_cos;2018-09-26 15:34;0;0;"ç‰©è²©ä¸¦ã‚“ã§ã‚‹æ™‚ã«è¿”ä¿¡ã—ã‚ˆã†ã€œã€œ";å°æ¾¤å¤§å¥½ãå€¶æ¥½éƒ¨(ä»®);;;"1045079183993401345";https://twitter.com/trs_cos/status/1045079183993401345
redmt_07;2018-09-26 15:34;0;1;"Shinã•ã‚“â™ª ãŠã¯ã‚ˆã†ã”ã–ã„ã¾ã™ å‡ºæ›ã‘ã‚‹å‰ã‹ã‚‰ã®ä½“èª¿ç®¡ç† ã“ã‚Œã‚‚å¤§åˆ‡ã§ã™ã‚ˆã­ ä»Šæ—¥ãŒShinã•ã‚“ã«å–ã‚Šã¾ã—ã¦ ã†ã‚Œã—ã„æœ¨æ›œæ—¥ã«ãªã‚Šã¾ã™æ§˜ã«";å²é˜œ å²é˜œå¸‚;;;"1045079180906360832";https://twitter.com/redmt_07/status/1045079180906360832
sy___wanima;2018-09-26 15:34;0;0;"æœã‹ã‚‰RTã«æœ¬æ°—ã ã—ã¡ã‚ƒã£ãŸã‚‚ã†ã™ã£ã‹ã‚Šç§‹ã ãªã‚æ¶¼ã—ã„ã©ã“ã‚ã‹è‚Œå¯’ã„ãªã‚ã€‚ãƒ‘ãƒ¼ã‚«ãƒ¼ã®æ™‚æœŸã ãªã‚ã€‚å¹´ä¸­ã“ã®æ°—å€™ã§ã‚ã‚Œ...";;;;"1045079180478636033";https://twitter.com/sy___wanima/status/1045079180478636033
mochippe2nd;2018-09-26 15:34;0;0;"å®Ÿã¯ãŠèª•ç”Ÿæ—¥ãªã®ã§ã™ï¼ã‚ã‚ŠãŒã¨ã†ã”ã–ã„ã¾ã™";potato;;;"1045079180260519936";https://twitter.com/mochippe2nd/status/1045079180260519936
adgjmptw87712;2018-09-26 15:34;0;0;"æœã‹ã‚‰ã¾ã£ãã‚ãã‚ã™ã‘ã®ãŠã‹ã’ã§å¹¸ã›ãªæ°—æŒã¡â™¡ ã‚­ãƒ£ã‚¹ã‚±ãƒƒãƒˆãŒä¼¼åˆã†é«ªå‹ã«ãªã£ã¦ã‚‹ã‘ã©ãªâ™¡â™¡æœ¬äººã¯ãƒ˜ãƒ©ã£ã¦ã‚‹ã‘ã©ã€ã‚¤ã‚±ãƒ¡ãƒ³ã¯ä½•ã—ã¦ã‚‚ä¼¼åˆã†ã‚“ã ãªã(æ¨ã—ãƒ•ã‚£ãƒ«ã‚¿ãƒ¼ã‹ã‹ã£ã¦ã‚‹ã¨ã„ã†æ„è¦‹ã¯å—ã‘ä»˜ã‘ã¾ã›ã‚“) äººå·®ã—æŒ‡ã®ãƒã‚¤ãƒ«ã«ã‚¹ãƒˆãƒ¼ãƒ³ãŒã®ã£ã¦ã¦ã•ã‚‰ã«ã‹ã‚ã„ã„ã•ã‚“ ä»Šæ—¥ã‚‚ã‚ã£ã¨ãã‚“å¥½ãâ™¡";æ—¥æœ¬;;;"1045079179354562560";https://twitter.com/adgjmptw87712/status/1045079179354562560
Thvivee;2018-09-26 15:34;0;1;"Tomei banho vou jantar e ver a novela";;;;"1045079178947833856";https://twitter.com/Thvivee/status/1045079178947833856
ardnstynt;2018-09-26 15:34;0;0;"Hehe, terima kasih sudah "mampir" semalem";Klaten, Jawa Tengah;;;"1045079178754711552";https://twitter.com/ardnstynt/status/1045079178754711552
bbieeill;2018-09-26 15:34;0;0;"Ø¨ÙŠØ§ Ø¨Ø±Ø§ ØªÙˆØ§Ù… Ø§Ù†Ø¬Ø§Ù… Ø¨Ø¯Ù…";;;;"1045079178180272134";https://twitter.com/bbieeill/status/1045079178180272134
sniwmt2;2018-09-26 15:34;0;0;"ãŠè¿ãˆã‚ã‚ŠãŒã¨ã†ã”ã–ã„ã¾ã™ã‚‚ã—ã‚ˆã‚ã—ã‘ã‚Œã°æœ¬å¢ã§ãŠè©±ã—ã—ã¾ã›ã‚“ã‹ï¼Ÿï¼Ÿ";;;;"1045079176242323456";https://twitter.com/sniwmt2/status/1045079176242323456
8a3muxwfJaoow31;2018-09-26 15:34;0;0;"è§£ç¦ãŒå¾…ã¡ãã‚Œã¾ã›ã‚“ã­";;;;"1045079175386738688";https://twitter.com/8a3muxwfJaoow31/status/1045079175386738688
esnze_alt;2018-09-26 15:34;0;1;"ãˆã¸ã¸ã¸å¬‰ã—ã„ã§ã™ãƒ¡ãƒ«ã¡ã‚ƒã‚“ã¨ã‚‚çµ¡ã‚‚ã†çµ¡ã‚‚ã†";ãƒ«ã‚«ã¡ã‚ƒã‚“ã«ã‚¢ã‚¤ã‚³ãƒ³ã€ãªãªãŠã•ã‚“ã«ãƒ˜ãƒƒãƒ€ãƒ¼ãŠã‹ã‚Šã—ãŸ;;;"1045079174568787969";https://twitter.com/esnze_alt/status/1045079174568787969
kotopeace1126_2;2018-09-26 15:34;0;0;"ãŠã¿ã¡ã‚ƒã‚“ã‚ã‚ŠãŒã¨ãƒ¼ï¼ ã„ã¤ã‹ã”é£¯ã§ã‚‚è¡Œãã¾ã—ã‚‡ã­ ç§ã‚‚å¤§å¥½ãã‚ˆ";;;;"1045079174094835712";https://twitter.com/kotopeace1126_2/status/1045079174094835712
iAmShortie_;2018-09-26 15:34;0;0;"justin made a video just for me";Free Spirited..RestUpDaddyÂ â£Â ğŸ•Š;;;"1045079173306421249";https://twitter.com/iAmShortie_/status/1045079173306421249
hinata_sugar01;2018-09-26 15:34;0;0;"ãŠã¯ã‚ˆã†ã”ã–ã„ã¾ã™ï¼æ˜æ—¥æ°—ã‚’ã¤ã‘ã¦ãŠè¶Šã—ãã ã•ã„æ–°æ›²ãŠæ¥½ã—ã¿ã«ã€œ";ã‚ªã‚ªã‚µã‚«;;;"1045079172316446720";https://twitter.com/hinata_sugar01/status/1045079172316446720